ID,Штрихкод,Бренд,Название,Категория,Размер,Цвет,L1,💰 Стоимость,🔵 Артикул Ozon,🟣 Артикул WB,🟣 nm_id,🟡 Остаток сайт (101 / 240),🟣 Остаток WB (132 / 161 / 240),🔵 Остаток Ozon (94 / 146 / 240),📊 Общий остаток,🟣 Заказы WB 14д,🟣 Заказы WB 28д,🟣 Заказы WB 40д,🔵 Заказы Ozon 14д,🔵 Заказы Ozon 28д,🔵 Заказы Ozon 40д,📊 Всего заказов 14д,📊 Всего заказов 28д,📊 Всего заказов 40д,🟣 Выкупы WB 14д (T-21..-7),🔵 Выкупы Ozon 14д (T-21..-7),📊 % выкупа 14д,🟣 Выручка WB 28д,🔵 Выручка Ozon 28д,📊 Общая выручка 28д,🟣 Ср.выручка WB 28д,🔵 Ср.выручка Ozon 28д,📊 Ср.выручка общая 28д,🟣 Ср.доход WB / шт. 28д,🔵 Ср.доход Ozon / шт. 28д,🟣 Сумм.доход WB 28д,🔵 Сумм.доход Ozon 28д,📋 План закупок (14д на 30д),📋 План закупок (28д на 30д),💰 Стоимость закупки L1 (14д на 30д),💰 Стоимость закупки не L1 (14д на 30д),💰 Стоимость закупки L1 (28д на 30д),💰 Стоимость закупки не L1 (28д на 30д),📦 Приедут L1,📦 Приедут NoL,📊 Расчетный (14д на 30д),📊 Расчетный (28д на 30д),💰 Капитализация склада,💰 Себестоимость склада,📈 Индекс склада (14д),📈 Индекс капитализации,📈 Коэф.доходности,🏷️ Ярлыки,🟣 Динамика WB,🔵 Динамика Ozon,📊 Динамика общая,🟣 Доля WB 28д,🔵 Доля Ozon 28д,🟣 Выкупы WB,🔵 Выкупы Ozon,📊 Выкупы общие,🏢 Центральные склады,🏢 ТОП-3 склады,🟣📦 Остатки Центральный,🟣📦 Остатки Южный + Северо-Кавказский,🟣📦 Остатки Северо-Западный,🟣📦 Остатки Приволжский,🟣📦 Остатки Уральский,🟣📦 Остатки Дальневосточный + Сибирский,"🔵📦 Остатки Москва, МО и Дальние регионы",🔵📦 Остатки Санкт-Петербург и СЗО,🔵📦 Остатки Ростов,🔵📦 Остатки Казань,🔵📦 Остатки Новосибирск,🔵📦 Остатки Краснодар,🔵📦 Остатки Воронеж,🔵📦 Остатки Самара
44,2038819637283,MSH,Колье с двумя кулонами «Римские истории»,Колье,37-42,Зол,Нет,199,MSHK-027,MSHK-027,183318188,0,0,10,10,20,72,73,6,14,14,26,86,87,40,4,169,170 057,33 638,203 695,2 362,2 403,2 369,620,400,44 607,5 604,25,-18,0,0,0,4 776,0,80,0,24,212 979,17 910,0,"1,05","1,33","TSL,LST,⚡️FBO",🔴,⚪,⚪,🟢,🔴,🟡,🔴,🟡,🟡,🟡,0,0,0,0,0,0,1,1,2,0,0,0,0,6
273,4603785765216,DSS,Сережки «Бабочки»,Серьги,—,Зол,Да,800,D139,D115DSR025,21329117,34,37,55,126,15,19,24,18,40,47,33,59,71,9,19,85,94 975,272 255,367 230,4 999,6 806,6 224,1 044,1 213,19 836,48 514,34,34,0,0,0,0,0,0,0,0,729 257,100 800,4,"1,99","1,23","TSL,⚡️FBO",🟢,⚪,🟢,🟡,🟡,🟡,🟢,🟢,🟢,🟢,20,7,8,0,1,0,19,9,3,2,2,5,2,1
48,2038336637179,DSS,Кольцо «Бабочка»,Кольца,16-19,Зол,Да,646,D344,D155DKLC130,172814280,2,10,1,13,7,12,14,1,21,27,8,33,41,7,13,250,49 058,97 020,146 078,4 088,4 620,4 427,844,665,10 127,13 965,-2,-23,1 292,0,14 858,0,5,0,2,23,74 119,11 628,2,"0,51","1,2","TSL,LST,⚡️FBO",🟢,🔴,🔴,🟡,🟡,🟡,🟢,🟢,🔴,🔴,0,8,0,2,0,0,0,0,0,0,1,0,0,0
494,2043834187149,DSS,Сережки «Рыбки-петушки»,Серьги,—,Сер,Нет,100,D517,D517,403160035,25,17,13,55,5,6,8,11,15,25,16,21,33,2,4,38,12 015,42 900,54 915,2 002,2 860,2 615,579,646,3 473,9 691,10,19,0,0,0,0,0,0,0,0,121 285,5 500,3,"2,21","1,32","TSL,⚡️FBO",🟢,🟢,🟢,🔴,🟢,🟢,🟢,🟢,🟢,🟢,8,5,2,0,1,0,6,2,3,0,0,1,0,0
297,2036729640249,DSS,Сережки «Вилланель»,Серьги,—,Сер,Нет,216,D205,D193DSR054,94817240,26,58,57,141,2,4,5,8,21,25,10,25,30,1,11,120,8 470,63 225,71 695,2 118,3 011,2 868,507,578,2 030,12 147,62,62,0,0,0,0,0,36,0,0,425 711,38 232,14,"5,94","1,25","TSL,⚡️FBO",⚪,⚪,⚪,🔴,🟢,🟡,🟢,🟡,🟢,🟢,28,5,10,15,0,0,11,10,5,2,0,7,1,1
398,2038819575844,MSH,Сережки «Ласточки»,Серьги,—,Зол,Нет,355,MSH-017,MSH-017,183317053,0,19,15,34,5,6,7,9,14,21,14,20,28,2,6,57,15 767,38 500,54 267,2 628,2 750,2 713,567,356,3 402,4 980,-8,-2,0,3 550,0,1 420,0,0,10,4,91 180,12 070,2,"1,68","1,18","TSL,⚡️FBO",🟢,🟢,🟢,🔴,🟢,🟢,🟢,🟢,🟢,🟢,6,5,7,1,0,0,6,5,1,0,0,0,0,0
520,2037712948304,DSS,Сережки «Стрекоза»,Серьги,—,Зол,Да,1258,D294,D202DSR114,156555364,0,8,4,12,3,5,7,6,15,20,9,20,27,4,6,111,26 983,83 178,110 161,5 397,5 545,5 508,741,350,3 704,5 250,-11,-15,13 838,0,18 870,0,0,0,11,15,65 354,15 096,1,"0,59","1,09","TSL,LST,⚡️FBO",🟢,⚪,⚪,🔴,🟢,🟡,🟡,🟡,🟡,🟡,2,1,3,2,0,0,0,0,0,0,1,0,1,0
296,2032002327623,DSS,Сережки «Вилланель»,Серьги,—,Зол,Нет,230,D185,DSR042,81314738,4,43,69,116,4,8,10,4,8,15,8,16,25,3,4,88,17 649,23 672,41 321,2 206,2 959,2 583,528,548,4 224,4 383,40,40,0,0,0,0,0,36,0,0,387 279,34 960,14,"9,37","1,26","TSL,⚡️FBO",🟢,🟢,🟢,🟡,🟡,🟡,🟢,🟢,🟢,🟢,23,6,7,7,0,0,14,8,4,3,3,7,3,4
538,2038819575684,MSH,Сережки «Цветочные истории»,Серьги,—,Сер,Нет,412,MSH-001,MSH-001,183317044,0,15,12,27,10,12,15,1,3,8,11,15,23,3,1,36,25 488,8 250,33 738,2 124,2 750,2 249,314,299,3 768,896,0,10,0,0,0,0,0,10,0,0,86 100,15 244,2,"2,55","1,16","TSL,LST,⚡️FBO",🟢,⚪,🟢,🟢,🔴,🟡,🟢,🟡,🟢,🟢,5,4,5,1,0,0,3,4,3,1,0,0,0,0
468,2037549815565,DSS,Сережки «Перламутровое сердце»,Серьги,—,Зол,Нет,350,D238,D275DSR107,149612893,0,0,1,1,4,7,8,2,8,14,6,15,22,2,1,50,11 138,12 594,23 732,1 591,1 574,1 582,169,-17,1 182,-133,19,15,0,0,0,0,0,33,0,0,54 082,11 900,0,"2,28","1,05","TSL,LST,⚡️FBO",🟢,🔴,⚪,🟡,🟡,🟢,🟢,🟢,🔴,🔴,0,0,0,0,0,0,0,0,0,0,0,1,0,0
222,4603785765247,DSS,Моносережка «Бабочка»,Серьги,—,Зол,Да,"463,25",D142,D114DSMR028,21477173,0,19,14,33,5,10,15,1,4,6,6,14,21,5,2,117,34 320,19 160,53 480,3 432,4 790,3 820,771,902,7 715,3 609,8,8,0,0,0,0,8,0,0,0,159 724,18 993,6,"2,99","1,27","TSL,⚡️FBO",🟢,⚪,⚪,🟢,🔴,🟡,🟡,🟡,🟢,🟢,7,4,3,2,2,0,2,2,4,0,0,0,0,0
33,2038819637481,MSH,Колье «Счастливая звезда»,Колье,40-45,Зол,Нет,162,MSHK-033,MSHK-033,183318194,1,14,15,30,8,8,8,5,11,12,13,19,20,1,7,62,10 718,20 051,30 769,1 340,1 823,1 619,259,251,2 072,2 762,5,11,0,0,0,0,0,10,0,0,60 836,6 480,2,"1,98","1,19","TSL,⚡️FBO",🟢,⚪,🟢,🟡,🟡,🟢,🟢,🟢,🟢,🟡,7,2,1,4,0,0,1,5,0,1,2,3,0,0
434,2038819575882,MSH,Сережки «Мишель»,Серьги,—,Зол,Нет,245,MSH-021,MSH-021,183317055,0,13,9,22,3,7,8,7,9,12,10,16,20,4,4,80,10 948,22 644,33 592,1 564,2 516,2 100,263,391,1 843,3 516,12,18,0,0,0,0,0,20,0,0,74 256,10 290,2,"2,21","1,19","TSL,LST,⚡️FBO",⚪,🟢,🟢,🟡,🟡,🟡,🟡,🟡,🟢,🟢,5,3,5,0,0,0,2,1,1,0,0,2,0,0
260,2038819575851,MSH,Сережки «Амели»,Серьги,—,Сер,Нет,213,MSH-018,MSH-018,183317059,0,6,10,16,5,9,11,0,7,8,5,16,19,3,2,100,16 920,12 044,28 964,1 880,1 721,1 810,418,167,3 763,1 171,14,15,0,0,0,0,0,20,0,0,66 086,7 668,3,"2,28","1,21","TSL,LST,⚡️FBO",🟢,🔴,⚪,🟡,🟡,🟡,🟡,🟡,🟡,🟢,0,1,1,4,0,0,3,2,2,1,1,0,0,0
507,2038819575769,MSH,Сережки «Сирень»,Серьги,—,Сер,Нет,178,MSH-009,MSH-009,183317048,0,11,17,28,5,9,10,1,4,8,6,13,18,3,3,100,12 202,7 605,19 807,1 356,1 901,1 524,249,260,2 243,1 041,8,10,0,0,0,0,0,10,0,0,60 793,6 764,5,"3,07","1,2","TSL,LST,⚡️FBO",🟢,⚪,⚪,🟡,🟡,🟡,🟡,🟡,🟢,🟢,3,1,4,2,0,0,7,7,2,0,0,0,1,0
325,2042109048901,MSH,Сережки «Дорота»,Серьги,—,Зол,Нет,315,MSH-066,MSH-066,295472763,0,26,18,44,8,14,14,1,1,2,9,15,16,7,1,89,24 651,1 782,26 433,1 761,1 782,1 762,270,85,3 777,85,0,0,0,0,0,0,0,0,0,0,77 856,13 860,5,"2,95","1,17",⚡️FBO,🟢,⚪,🟢,🟢,🔴,🔴,⚪,🔴,🟢,🟢,16,4,2,3,1,0,8,5,5,0,0,0,0,0
469,2037549699431,DSS,Сережки «Перламутровое сердце»,Серьги,—,Сер,Нет,350,D275,D275DSR100,149612889,0,13,7,20,3,7,9,5,7,7,8,14,16,2,3,62,12 999,12 747,25 746,1 857,1 821,1 839,272,63,1 905,438,-4,0,0,1 750,0,350,0,0,5,1,36 888,7 000,2,"1,43","1,1","LST,⚡️FBO",⚪,🟢,🟢,🟡,🟡,🟢,🟢,🟢,🟢,🟢,4,4,2,3,0,0,1,2,1,1,1,0,0,0
262,2043834018405,DSS,Сережки «Амелия»,Серьги,—,Зол,Нет,210,D511,D511,403160029,0,4,5,9,3,5,7,5,6,8,8,11,15,1,1,25,8 703,11 139,19 842,1 741,1 856,1 804,367,214,1 835,1 284,-1,4,0,420,0,0,0,7,2,0,28 429,3 360,1,"1,43","1,19","LST,⚡️FBO",🟢,🟢,🟢,🟡,🟡,🟡,🟢,🟡,🟡,🟡,0,3,0,1,0,0,1,4,0,0,0,0,0,0
388,2039500932748,MSH,Сережки «Кристен»,Серьги,—,Зол,Нет,184,MSHK-049,MSHK-049,209854799,4,12,3,19,6,9,11,3,4,4,9,13,15,3,3,67,15 829,6 258,22 087,1 759,1 564,1 699,400,146,3 600,585,0,3,0,0,0,0,0,0,0,0,32 834,3 496,2,"1,49","1,23","LST,⚡️FBO",🟢,⚪,🟢,🟡,🟡,🟢,🟡,🟢,🟡,🟡,6,2,0,4,0,0,0,1,2,0,0,0,0,0
229,2021512501005,DSS,Моносережка «Ласточка»,Серьги,—,Зол,Да,423,D158,D114DSMR032,65134002,0,6,0,6,4,6,9,0,2,4,4,8,13,3,2,125,16 324,4 356,20 680,2 721,2 178,2 585,535,104,3 210,208,12,12,0,0,0,0,15,0,0,0,57 134,8 883,2,"2,76","1,2","LST,⚡️FBO",🟢,⚪,🟢,🟢,🔴,🟡,🟡,🟡,🟡,🟡,1,1,1,1,2,0,0,0,0,0,0,0,0,0
321,2039500932724,MSH,Сережки «Джулианна»,Серьги,—,Зол,Нет,132,MSHK-047,MSHK-047,209854797,0,1,5,6,3,6,7,4,4,6,7,10,13,2,2,57,11 168,7 128,18 296,1 861,1 782,1 830,492,268,2 951,1 072,1,5,0,0,0,0,0,10,0,0,29 385,2 112,1,"1,61","1,28","LST,⚡️FBO",🟢,⚪,🟢,🟡,🟡,🟢,🟢,🟢,🟢,🔴,1,0,0,0,0,0,3,0,1,0,0,0,1,0
401,2043835932274,MSH,Сережки «Ласточкины сны»,Серьги,—,Сер,Нет,315,MSH-089,MSH-089,403343964,0,7,0,7,2,4,5,5,8,8,7,12,13,2,4,86,6 970,13 461,20 431,1 742,1 683,1 703,263,53,1 051,425,-1,1,0,315,0,0,0,10,1,0,29 622,5 355,1,"1,45","1,08","LST,⚡️FBO",⚪,🟢,🟢,🟡,🟡,🟢,🟢,🟢,🟡,🟡,1,1,5,0,0,0,0,0,0,0,0,0,0,0
516,2038819575738,MSH,Сережки «Солана»,Серьги,—,Зол,Нет,107,MSH-006,MSH-006,183317051,1,8,5,14,3,6,7,4,5,6,7,11,13,3,2,71,9 945,7 225,17 170,1 658,1 445,1 561,438,185,2 626,924,7,11,0,0,0,0,0,10,0,0,38 718,2 568,2,"2,25","1,26","LST,⚡️FBO",🟢,🟢,🟢,🟡,🟡,🟢,🟡,🟢,🟢,🟡,2,1,3,2,0,0,3,2,0,0,0,0,0,0
377,2031764978623,DSS,Сережки «Клевер»,Серьги,—,Роз,Нет,170,D176,D175DSR035,80362097,0,9,0,9,1,1,1,6,7,11,7,8,12,0,2,29,1 220,7 021,8 241,1 220,1 003,1 030,204,-20,204,-140,7,12,0,0,0,0,0,20,0,0,35 380,4 930,1,"4,29","1,01","LST,⚡️FBO",⚪,🟢,🟢,🔴,🟢,⚪,🟡,🟡,🟡,🟡,2,4,3,0,0,0,0,0,0,0,0,0,0,0
503,2039566343564,DSS,Сережки «Силуэты»,Серьги,—,Зол,Да,485,D475,DSR475,212774188,0,6,1,7,1,4,5,1,4,7,2,8,12,3,1,200,14 606,15 400,30 006,3 652,3 850,3 751,835,579,3 340,2 315,-1,-3,485,0,1 455,0,0,0,1,3,25 759,3 395,4,"0,86","1,23","LST,⚡️FBO",⚪,⚪,🔴,🟡,🟡,🟢,🟢,🟢,🟢,🟡,4,1,1,0,0,0,1,0,0,0,0,0,0,0
31,2038819637474,MSH,Колье «Солнце»,Колье,44-49,Зол,Нет,159,MSHK-032,MSHK-032,183318193,0,7,4,11,3,5,6,3,4,5,6,9,11,2,3,83,8 544,5 544,14 088,1 709,1 386,1 565,406,114,2 028,456,8,10,0,0,0,0,0,10,0,0,34 594,3 339,2,"2,46","1,21","LST,⚡️FBO",🟢,⚪,🟢,🟡,🟡,🟢,🟡,🟢,🟢,🟢,4,2,1,0,0,0,2,1,1,0,0,0,0,0
509,2038193968300,DSS,Сережки «Сияние колибри»,Серьги,—,Зол,Да,858,D363,D115DSR139,170044778,0,2,0,2,6,8,8,0,0,3,6,8,11,3,0,50,39 419,0,39 419,4 927,0,4 927,958,0,7 666,0,-7,-3,6 006,0,2 574,0,4,0,7,3,29 564,5 148,0,"0,75","1,24","LST,⚡️FBO",🟢,⚪,🟢,🟢,🔴,🟡,⚪,🟡,🔴,🔴,0,0,2,0,0,0,0,0,0,0,0,0,0,0
37,2037853259284,DSS,Колье «Триша»,Колье,45,Зол,Нет,175,D310,D184DKLE012,161486302,0,11,2,13,1,1,3,1,5,7,2,6,10,0,3,150,1 579,7 920,9 499,1 579,1 584,1 583,339,161,339,807,6,3,0,0,0,0,0,6,0,0,30 011,3 325,6,"3,16","1,14","LST,⚡️FBO",⚪,🔴,⚪,🔴,🟢,⚪,🟡,🟡,🟢,🟡,4,4,2,1,0,0,2,0,0,0,0,0,0,0
227,2037467763023,DSS,Моносережка «Коготь с жемчугом»,Серьги,—,Зол,Да,391,D120,D114DSR092,146453536,0,7,1,8,3,3,6,1,4,4,4,7,10,2,2,100,9 627,14 800,24 427,3 209,3 700,3 490,757,625,2 271,2 499,4,2,0,0,0,0,5,0,0,0,42 208,5 083,2,"1,73","1,24","LST,⚡️FBO",⚪,⚪,⚪,🟡,🟡,🟢,🟡,🟢,🟡,🟡,2,3,1,0,1,0,0,0,0,0,0,0,0,0
232,2038086907799,DSS,Моносережка «Месяц»,Серьги,—,Зол,Да,370,D327,D114DSR128,166687015,4,12,7,23,2,4,4,1,3,6,3,7,10,2,2,133,13 135,9 609,22 744,3 284,3 203,3 249,807,486,3 228,1 458,4,4,0,0,0,0,0,0,0,0,74 961,8 510,8,"3,3","1,26","LST,⚡️FBO",⚪,⚪,⚪,🟡,🟡,🟡,🟢,🟢,🟢,🟢,7,2,3,0,0,0,2,3,2,0,0,0,0,0
268,2039500932694,MSH,Сережки «Ариэлла»,Серьги,—,Зол,Нет,145,MSHK-040,MSHK-040,209854794,0,14,3,17,0,0,3,4,6,7,4,6,10,1,2,75,0,5 886,5 886,0,981,981,0,-2,0,-13,-1,2,0,145,0,0,0,5,1,0,5 698,3 190,4,"0,97",1,"LST,⚡️FBO",⚪,🟢,⚪,🔴,🟢,⚪,🟢,🟡,🟡,🟢,3,7,3,0,0,0,0,1,1,0,1,0,0,0
274,2038193948647,DSS,Сережки «Бабочки»,Серьги,—,Сер,Да,1453,D358,D115DSR134,170043577,1,1,1,3,0,2,5,4,5,5,4,7,10,2,3,125,9 180,28 875,38 055,4 590,5 775,5 436,232,229,464,1 144,-7,-4,10 171,0,5 812,0,0,0,7,4,14 955,4 359,1,"0,39","1,04","LST,🏠FBS",⚪,🟢,⚪,🔴,🟢,🟡,🟢,🟢,🔴,🔴,0,0,0,1,0,0,0,0,0,0,0,0,0,0
518,2031949420626,DSS,Сережки «Солнце»,Серьги,—,Сер,Нет,610,D178,DSR037,80993937,13,10,12,35,3,5,6,2,4,4,5,9,10,3,1,80,13 433,12 817,26 250,2 687,3 204,2 917,335,247,1 674,986,13,13,0,0,0,0,0,0,0,0,100 243,21 350,7,"3,82","1,11",⚡️FBO,🟢,⚪,🟢,🟡,🟡,🟢,🟢,🟢,🟢,🟢,6,3,1,0,0,0,3,3,1,0,0,4,0,0
400,2043835956508,MSH,Сережки «Ласточкины сны»,Серьги,—,Зол,Нет,315,MSH-090,MSH-090,403343965,0,4,9,13,4,4,4,1,4,5,5,8,9,1,2,60,6 794,7 260,14 054,1 698,1 815,1 757,246,96,982,382,-5,0,0,1 890,0,0,0,0,6,0,23 129,4 095,3,"1,65","1,11","LST,⚡️FBO",⚪,⚪,🟢,🟡,🟡,🟡,🟡,🟡,🟢,🟢,1,1,2,0,0,0,2,3,3,0,0,0,0,0
492,2039500932779,MSH,Сережки «Ромашки»,Серьги,—,Зол,Нет,220,MSHK-052,MSHK-052,209854802,0,9,7,16,1,3,3,1,3,6,2,6,9,2,1,150,5 830,8 250,14 080,1 943,2 750,2 347,436,491,1 307,1 472,10,10,0,0,0,0,0,10,0,0,56 173,5 720,8,"3,99","1,25","LST,⚡️FBO",⚪,⚪,⚪,🟡,🟡,🔴,🔴,🔴,🟢,🟢,4,3,1,0,0,0,1,1,2,0,0,0,0,0
145,2037260685959,DSS,Кольцо-печатка «Голубой глаз»,Кольца,17.5,Зол,Да,480,D260,D006DKLC001,21487575,1,4,0,5,1,1,1,3,5,7,4,6,8,0,3,75,2 552,10 956,13 508,2 552,2 191,2 251,12,-349,12,-1 743,-6,-5,2 880,0,2 400,0,0,0,6,5,12 760,2 400,1,"0,94","0,89","TSL,SZ,LST,🏠FBS",⚪,🟢,⚪,🔴,🟢,⚪,🟢,🟡,🟡,🔴,1,1,0,1,1,0,0,0,0,0,0,0,0,0
386,2036731082822,DSS,Сережки «Крабики»,Серьги,—,Зол,Да,470,D211,D202DSR059,94907081,0,5,1,6,0,1,3,1,3,5,1,4,8,0,2,200,2 822,8 466,11 288,2 822,2 822,2 822,527,264,527,792,-1,-2,470,0,940,0,0,0,1,2,16 932,2 820,6,"1,5","1,13","LST,⚡️FBO",⚪,⚪,⚪,⚪,⚪,⚪,🟢,🟢,🟡,🔴,4,0,0,0,1,0,0,0,0,0,0,0,0,0
409,2038819575912,MSH,Сережки «Летисия»,Серьги,—,Зол,Нет,185,MSH-024,MSH-024,183317066,0,8,9,17,1,3,5,0,2,3,1,5,8,2,0,200,4 865,3 168,8 033,1 622,1 584,1 607,346,151,1 037,303,0,0,0,0,0,0,0,0,0,0,27 229,3 145,17,"3,39","1,2","LST,⚡️FBO",⚪,⚪,⚪,🟡,🟡,🟢,🔴,🟡,🟢,🟢,4,2,2,0,0,0,3,3,1,0,0,0,1,0
438,2013733555004,DSS,Сережки «Монеты»,Серьги,—,Зол,Да,892,D118,D115YSR012,48447926,0,5,0,5,1,2,3,0,3,5,1,5,8,0,2,200,7 702,11 715,19 417,3 851,3 905,3 883,506,190,1 011,569,0,-3,4 460,0,7 136,0,0,0,5,8,19 255,4 460,5,"0,99","1,09","LST,⚡️FBO",⚪,⚪,⚪,🟡,🟡,🟡,🟢,🟢,🟡,🔴,3,0,1,0,0,0,0,0,0,0,0,0,0,0
471,2038819575820,MSH,Сережки «Перламутровые тюльпаны»,Серьги,—,Зол,Нет,365,MSH-015,MSH-015,183317056,0,3,2,5,3,3,4,3,4,4,6,7,8,0,0,0,5 159,7 544,12 703,1 720,1 886,1 815,204,68,611,274,-2,4,0,1 095,0,0,0,6,3,0,19 249,4 015,1,"1,52","1,07","LST,⚡️FBO",⚪,⚪,⚪,🟡,🟡,🟢,🟢,🟢,🟢,🔴,3,0,0,0,0,0,2,0,0,0,0,0,0,0
483,2042109116037,MSH,Сережки «Рената»,Серьги,—,Зол,Нет,412,MSH-069,MSH-069,295472766,0,2,0,2,1,3,3,0,3,5,1,6,8,1,0,100,4 392,4 707,9 099,1 464,1 569,1 516,57,-80,172,-241,0,-4,0,2 884,0,5 356,0,0,7,13,2 928,824,2,"0,32","0,99","LST,⚡️FBO",⚪,⚪,⚪,🟡,🟡,🟡,🟢,🟢,🟡,🔴,2,0,0,0,0,0,0,0,0,0,0,0,0,0
17,2038819637351,MSH,Колье «Алма»,Колье,42-47,Зол,Нет,483,MSHK-028,MSHK-028,183318189,0,0,7,7,3,6,6,0,1,1,3,7,7,3,0,100,18 360,2 620,20 980,3 060,2 620,2 997,607,186,3 642,186,4,4,0,0,0,0,0,10,0,0,48 940,8 211,2,"2,33","1,22","LST,⚡️FBO",🟢,⚪,⚪,🟢,🔴,🟡,⚪,🟡,🟡,🔴,0,0,0,0,0,0,4,1,0,0,0,0,0,0
280,2038819575875,MSH,Сережки «Беатрис»,Серьги,—,Зол,Нет,280,MSH-020,MSH-020,183317061,0,18,9,27,1,2,2,1,4,5,2,6,7,1,1,100,3 142,6 556,9 698,1 571,1 639,1 616,231,74,462,296,0,0,0,0,0,0,0,0,0,0,43 029,7 560,14,"4,44","1,08","LST,⚡️FBO",⚪,⚪,⚪,🟡,🟡,🟡,🟡,🟡,🟢,🟡,8,3,3,3,1,0,1,4,0,0,0,2,1,1
341,2013733507003,DSS,Сережки «Жуки»,Серьги,—,Зол,Да,726,D116,D115YSR010,48447924,0,3,5,8,3,5,5,0,2,2,3,7,7,2,1,100,21 312,6 732,28 044,4 262,3 366,4 006,832,182,4 158,365,-3,-2,2 178,0,1 452,0,0,0,3,2,29 617,5 808,3,"1,06","1,19","LST,⚡️FBO",🟢,⚪,⚪,🟢,🔴,🟢,🟡,🟢,🟢,🟡,2,1,0,0,0,0,1,0,1,0,0,0,0,0
380,2037360674280,DSS,Сережки «Кленовый лист»,Серьги,—,Зол,Да,664,D244,D202DSR079,142573882,9,3,4,16,3,4,4,1,3,3,4,7,7,1,1,50,11 228,9 801,21 029,2 807,3 267,3 004,328,213,1 311,638,6,8,0,0,0,0,0,0,0,0,46 752,10 624,4,"2,22","1,1","LST,🏠FBS",⚪,⚪,⚪,🟡,🟡,🟢,🟢,🟢,🟡,🟡,0,2,0,0,1,0,2,1,0,0,0,1,0,0
407,2038819575721,MSH,Сережки «Лесли»,Серьги,—,Зол,Нет,355,MSH-005,MSH-005,183317068,2,10,2,14,2,2,3,2,3,4,4,5,7,0,1,25,2 664,6 600,9 264,1 332,2 200,1 853,63,179,126,538,0,1,0,0,0,0,0,0,💤,💤,20 384,4 970,4,"2,2","1,08","LST,🏠FBS,SLEEP",⚪,⚪,⚪,🟡,🟡,🟡,🟢,🟢,🟡,🟡,2,4,3,1,0,0,0,1,0,0,0,0,0,0
443,2039566343540,DSS,Сережки «Морские коньки»,Серьги,—,Зол,Да,376,D473,DSR473,212774186,0,1,2,3,0,1,4,1,3,3,1,4,7,1,2,300,2 564,7 695,10 259,2 564,2 565,2 565,521,275,521,826,0,-1,0,0,376,0,0,0,0,1,7 694,1 128,3,"0,75","1,15","LST,🏠FBS",⚪,⚪,⚪,⚪,⚪,⚪,🟢,🟡,🟢,🔴,1,0,0,0,0,0,1,0,0,0,0,0,0,0
466,2037629444395,DSS,Сережки «Певчие цикады»,Серьги,—,Зол,Да,442,D290,D289DSR109,153181582,0,6,0,6,1,1,3,1,3,4,2,4,7,1,0,50,2 992,8 883,11 875,2 992,2 961,2 969,622,336,622,1 009,-2,-3,3 094,0,3 536,0,0,0,7,8,17 952,2 652,3,"1,51","1,16","LST,⚡️FBO",⚪,⚪,⚪,⚪,⚪,⚪,🟢,🟡,🟡,🔴,3,2,0,1,0,0,0,0,0,0,0,0,0,0
501,2042109147499,MSH,Сережки «Селина»,Серьги,—,Зол,Нет,450,MSH-071,MSH-071,295472768,0,5,6,11,1,1,3,0,3,4,1,4,7,0,2,200,1 732,5 412,7 144,1 732,1 804,1 786,124,-43,124,-129,0,0,0,0,0,0,0,0,0,0,19 484,4 950,11,"2,73",1,"LST,⚡️FBO",⚪,⚪,⚪,⚪,⚪,🔴,🟡,🔴,🟢,🟡,4,1,0,0,0,0,2,1,2,0,0,0,0,0
35,2038819637429,MSH,Колье «Счастливое число 7»,Колье,40-45,Зол,Нет,128,MSHK-029,MSHK-029,183318190,0,0,3,3,0,6,6,0,0,0,0,6,6,1,0,0,9 804,0,9 804,1 634,0,1 634,407,0,2 445,0,10,4,0,0,0,0,0,10,0,0,16 724,1 664,3,"1,71","1,33","LST,🏠FBS",🔴,⚪,⚪,🟢,🔴,🟢,⚪,🟢,🔴,🔴,0,0,0,0,0,0,0,1,0,0,0,0,0,0
107,2050088351387,DSS,Кольцо «Цветок»,Кольца,16-19,Зол,Да,661,D543,D543,926890938,7,1,4,12,1,2,4,0,2,2,1,4,6,0,2,200,7 428,7 438,14 866,3 714,3 719,3 716,683,361,1 367,722,6,6,0,0,0,0,0,0,0,0,44 588,7 932,12,3,"1,16","LST,🏠FBS",⚪,⚪,⚪,⚪,⚪,🟡,⚪,🟡,🟢,🔴,1,0,0,0,0,0,4,0,0,0,0,0,0,0
158,2039460106715,DSS,Кольцо-печатка «Голубой глаз»,Кольца,20,Сер,Да,670,D448-S,D006DKLC001-S,207879372,0,1,0,1,0,0,2,0,4,4,0,4,6,1,4,0,0,9 960,9 960,0,2 490,2 490,0,-443,0,-1 771,0,-5,0,0,3 350,0,0,0,0,5,670,670,1,"0,07","0,85","TSL,SZ,LST,🏠FBS",⚪,⚪,⚪,⚪,⚪,⚪,🟢,🟢,🔴,🔴,0,0,0,0,1,0,0,0,0,0,0,0,0,0
242,2038344272492,DSS,Сережки «Аврора»,Серьги,—,Зол,Нет,346,D370,D265DSR146,172886278,0,0,1,1,0,1,3,2,3,3,2,4,6,1,1,100,1 634,4 673,6 307,1 634,1 558,1 577,189,-18,189,-54,7,7,0,0,0,0,0,10,0,0,17 898,3 806,0,"2,84","1,02","LST,🏠FBS",⚪,⚪,⚪,⚪,⚪,🔴,🟡,🔴,🟡,🔴,0,0,0,0,0,0,1,0,0,0,0,0,0,0
315,2036693220638,DSS,Сережки «Две бабочки»,Серьги,—,Зол,Нет,105,D195,D193DSR046,91494242,0,13,3,16,1,2,2,2,4,4,3,6,6,1,1,67,1 906,4 356,6 262,953,1 089,1 044,166,73,331,290,-1,-1,0,210,0,210,0,0,2,2,15 656,1 680,5,"2,5","1,11","LST,⚡️FBO",⚪,⚪,⚪,🟡,🟡,🟡,🟡,🟡,🟡,🟢,8,2,2,1,0,0,0,2,1,0,0,0,0,0
384,2036731155823,DSS,Сережки «Колибри»,Серьги,—,Зол,Нет,250,D216,D216DSR064,94911850,5,8,5,18,3,4,5,0,1,1,3,5,6,1,1,67,6 389,1 664,8 053,1 597,1 664,1 611,271,112,1 085,112,5,5,0,0,0,0,0,0,0,0,29 084,4 500,6,"3,61","1,17","LST,⚡️FBO",⚪,⚪,⚪,🟢,🔴,🟢,⚪,🟢,🟢,🟡,2,3,3,0,0,0,2,0,1,0,0,1,0,0
405,2043835994012,MSH,Сережки «Лепестки»,Серьги,—,Зол,Нет,295,MSH-091,MSH-091,403343966,5,0,0,5,0,2,4,1,1,2,1,3,6,1,1,200,3 544,1 683,5 227,1 772,1 683,1 742,294,73,588,73,3,2,0,0,0,0,0,0,0,0,8 860,1 475,5,"1,7","1,14","LST,🏠FBS",⚪,⚪,⚪,⚪,⚪,🟡,⚪,🟢,🔴,🔴,0,0,0,0,0,0,0,0,0,0,0,0,0,0
415,2038862875977,DSS,Сережки «Листва»,Серьги,—,Зол,Нет,105,D388,DSR388,185259306,0,10,7,17,1,3,5,0,1,1,1,4,6,1,0,100,6 996,2 376,9 372,2 332,2 376,2 343,702,486,2 106,486,0,0,0,0,0,0,0,0,0,0,39 952,1 785,17,"4,26","1,38","LST,⚡️FBO",⚪,⚪,⚪,⚪,⚪,🟡,🔴,🔴,🟢,🟡,6,2,0,2,0,0,2,2,1,0,0,0,0,0
540,2037846002262,DSS,Сережки «Цветы»,Серьги,—,Зол,Да,938,D235,D115DSR123,161186395,0,0,0,0,3,3,4,1,2,2,4,5,6,0,2,50,14 763,9 000,23 763,4 921,4 500,4 753,876,334,2 627,669,-9,-5,13 132,0,9 380,0,0,0,14,10,0,0,0,0,"1,16","LST,🏠FBS",⚪,⚪,⚪,🟡,🟡,🟡,⚪,🟢,🔴,🔴,0,0,0,0,0,0,0,0,0,0,0,0,0,0
40,2042109298498,DSS,Колье «Фрэнсис»,Колье,40-45,Сер,Нет,620,D506,D506,295479554,1,0,0,1,3,5,5,0,0,0,3,5,5,2,0,67,8 743,0,8 743,1 749,0,1 749,-40,0,-200,0,5,6,0,0,0,0,0,10,0,0,19 235,6 820,0,"2,2","0,98","LST,🏠FBS",🟢,⚪,⚪,🟢,🔴,🟢,⚪,🟢,🔴,🔴,0,0,0,0,0,0,0,0,0,0,0,0,0,0
42,2032001295626,DSS,Колье «Эвери»,Колье,45,Зол,Нет,195,D184,DKLE006,81313350,0,7,1,8,0,2,3,1,2,2,1,4,5,1,1,200,2 952,2 830,5 782,1 476,1 415,1 446,279,87,558,174,-1,-1,0,390,0,390,0,0,2,2,11 747,1 560,8,"2,03","1,15","LST,⚡️FBO",⚪,⚪,⚪,⚪,⚪,⚪,⚪,🟢,🔴,🟡,0,5,2,0,0,0,0,0,0,0,0,1,0,0
159,2039460106722,DSS,Кольцо-печатка «Голубой глаз»,Кольца,20.5,Сер,Да,525,D449-S,D006DKLC001-S,207879372,0,12,1,13,0,0,0,2,3,5,2,3,5,0,2,100,0,7 470,7 470,0,2 490,2 490,0,-298,0,-893,-4,-3,2 100,0,1 575,0,0,0,4,3,8 790,6 825,6,"1,18","0,89","TSL,SZ,LST,🏠FBS",⚪,⚪,⚪,⚪,⚪,⚪,🟡,🟡,🟡,🟡,9,1,1,0,0,0,0,0,0,0,1,0,0,0
247,2038819575776,MSH,Сережки «Адора»,Серьги,—,Зол,Нет,501,MSH-010,MSH-010,183317062,0,3,3,6,3,3,3,1,1,2,4,4,5,1,0,25,5 081,2 750,7 831,1 694,2 750,1 958,58,210,173,210,-3,0,0,2 505,0,0,0,0,5,0,13 331,3 006,2,"1,7","1,05","LST,⚡️FBO",⚪,⚪,⚪,⚪,⚪,🟢,⚪,🟢,🟢,🔴,3,0,0,0,0,0,1,1,0,1,0,0,0,0
428,2042109134932,MSH,Сережки «Марго»,Серьги,—,Зол,Нет,412,MSH-070,MSH-070,295472767,0,5,1,6,1,1,1,1,3,4,2,4,5,0,1,50,1 311,4 011,5 322,1 311,1 337,1 330,-2,-155,-2,-464,-1,-2,0,824,0,1 236,0,0,2,3,7 892,2 472,3,"1,48","0,92","LST,⚡️FBO",⚪,⚪,⚪,⚪,⚪,⚪,🟡,🟡,🟡,🔴,3,0,0,2,0,0,0,1,0,0,0,0,0,0
451,2037549329376,DSS,Сережки «Нежный клевер»,Серьги,—,Зол,Нет,350,D273,D175DSR098,149585233,0,7,1,8,0,0,0,0,3,5,0,3,5,0,0,0,0,5 502,5 502,0,1 834,1 834,0,67,0,200,5,3,0,0,0,0,0,5,0,0,6 034,4 550,8,"1,1","1,04","LST,⚡️FBO",⚪,⚪,⚪,⚪,⚪,⚪,🟢,🟢,🟢,🟡,2,3,2,0,0,0,1,0,0,0,0,0,0,0
452,2036884856639,DSS,Сережки «Нежный клевер»,Серьги,—,Сер,Нет,350,D239,D175DSR076,105433269,0,9,13,22,3,3,3,2,2,2,5,5,5,1,1,40,5 270,3 300,8 570,1 757,1 650,1 714,233,8,700,15,0,0,0,0,0,0,0,0,0,0,37 260,7 700,4,"4,35","1,09","LST,⚡️FBO",⚪,⚪,⚪,🟡,🟡,🟢,🟡,🟢,🟢,🟡,4,4,0,1,0,0,3,3,0,0,1,0,4,1
511,2026763859622,DSS,Сережки «Скарабеи»,Серьги,—,Зол,Да,1062,D159,D115DSR026,71705048,0,11,8,19,0,1,4,0,1,1,0,2,5,1,1,0,5 310,6 050,11 360,5 310,6 050,5 680,903,708,903,708,0,0,0,0,0,0,0,0,0,0,106 810,20 178,19,"9,4","1,17","LST,⚡️FBO",⚪,⚪,⚪,⚪,⚪,⚪,⚪,⚪,🟢,🟢,3,6,2,0,0,0,4,2,2,0,0,0,0,0
46,2050087701602,DSS,Кольцо «Анемон»,Кольца,16-19,Зол,Да,661,D542,D542,926867538,8,5,7,20,2,3,4,0,0,0,2,3,4,1,0,50,12 874,0,12 874,4 291,0,4 291,908,0,2 724,0,8,8,0,0,0,0,0,0,0,0,60 414,13 220,10,"4,69","1,27","LST,🏠FBS",⚪,⚪,⚪,⚪,⚪,🟡,⚪,🟡,🟢,🔴,4,0,0,1,0,0,7,0,0,0,0,0,0,0
144,4603785765322,DSS,Кольцо-печатка «Голубой глаз»,Кольца,17,Зол,Да,416,D148,D006DKLC001,21487575,0,0,1,1,3,4,4,0,0,0,3,4,4,1,0,33,10 266,0,10 266,2 566,0,2 566,82,0,328,0,-8,-5,4 992,0,4 160,0,0,0,12,10,416,416,0,"0,04","1,03","TSL,LST,🏠FBS",⚪,⚪,⚪,⚪,⚪,🟢,⚪,🟢,🔴,🔴,0,0,0,0,0,0,0,0,0,0,0,0,0,0
157,2039460106708,DSS,Кольцо-печатка «Голубой глаз»,Кольца,19.5,Сер,Да,525,D447-S,D006DKLC001-S,Пусто,0,0,0,0,0,0,0,0,3,4,0,3,4,0,0,0,0,7 470,7 470,0,2 490,2 490,0,-298,0,-893,0,-2,0,0,1 050,0,0,0,0,2,0,0,0,0,"0,89","SZ,LST,🏠FBS",⚪,⚪,⚪,⚪,⚪,⚪,🟢,🟢,🔴,🔴,0,0,0,0,0,0,0,0,0,0,0,0,0,0
223,2042139237948,DSS,Моносережка «Бабочка»,Серьги,—,Сер,Да,"990,25",D508-S,D508-S,297250649,4,3,0,7,1,1,1,3,3,3,4,4,4,0,0,0,4 010,13 860,17 870,4 010,4 620,4 468,469,321,469,962,-2,1,1 980,0,0,0,0,0,2,0,28 070,6 932,2,"1,57","1,09","LST,🏠FBS",⚪,⚪,⚪,⚪,⚪,🔴,🟢,🟡,🟡,🔴,1,1,0,0,1,0,0,0,0,0,0,0,0,0
363,2038819575837,MSH,Сережки «Ирисы»,Серьги,—,Зол,Нет,139,MSH-016,MSH-016,183317060,2,6,12,20,0,0,2,0,0,2,0,0,4,0,0,0,0,0,0,0,0,0,0,0,0,0,2,2,0,0,0,0,0,0,0,0,2 780,2 780,20,0,0,"LST,⚡️FBO",⚪,⚪,⚪,⚪,⚪,⚪,⚪,⚪,🟢,🟢,2,2,2,0,0,0,6,3,2,0,0,0,0,0
378,2036731088886,DSS,Сережки «Клевер»,Серьги,—,Чер,Нет,180,D212,D175DSR060,94907617,11,26,25,62,0,2,3,0,0,1,0,2,4,1,0,0,2 610,0,2 610,1 305,0,1 305,228,0,455,0,11,11,0,0,0,0,0,0,0,0,52 785,11 160,62,"20,22","1,21",⚡️FBO,⚪,⚪,⚪,⚪,⚪,🟡,⚪,🟡,🟢,🟢,13,6,4,3,0,0,7,6,4,3,2,1,0,0
481,2038193905701,DSS,Сережки «Ракушки»,Серьги,—,Зол,Да,536,D354,D301DSR130,170041768,11,0,10,21,3,3,4,0,0,0,3,3,4,1,0,33,8 337,0,8 337,2 779,0,2 779,445,0,1 334,0,5,8,0,0,0,0,0,0,0,0,35 929,11 256,7,"4,31","1,19","LST,🏠FBS",⚪,⚪,⚪,⚪,⚪,🟢,⚪,🟡,🟡,🔴,0,0,0,0,0,0,2,0,0,1,1,2,2,0
496,2038193926096,DSS,Сережки «Рыбки»,Серьги,—,Зол,Да,382,D355,D115DSR131,170042550,0,9,7,16,0,2,3,1,1,1,1,3,4,2,0,200,7 666,3 850,11 516,3 833,3 850,3 839,1 009,682,2 017,682,0,0,0,0,0,0,0,0,0,0,61 447,6 112,16,"5,34","1,31","LST,⚡️FBO",⚪,⚪,⚪,⚪,⚪,⚪,🔴,🟡,🟢,🟢,4,4,1,0,0,0,3,2,2,0,0,0,0,0
4,2037770584544,DSS,Браслет «Блестки»,Браслет,16-20,Зол,Нет,200,D298,D220DR009,159306746,1,0,1,2,2,2,3,0,0,0,2,2,3,1,0,50,1 068,0,1 068,534,0,534,-92,0,-185,0,-3,-1,0,0,0,0,0,0,💤,💤,734,400,1,"0,69","0,85","LST,🏠FBS,SLEEP",⚪,⚪,⚪,⚪,⚪,⚪,⚪,🟡,🔴,🔴,0,0,0,0,0,0,0,1,0,0,0,0,0,0
19,2038819637443,MSH,Колье «Летиция»,Колье,41,Зол,Нет,369,MSHK-030,MSHK-030,183318191,7,1,0,8,0,2,2,1,1,1,1,3,3,0,0,0,3 544,1 886,5 430,1 772,1 886,1 810,220,64,440,64,5,5,0,0,0,0,0,0,0,0,14 176,2 952,8,"2,61","1,1","LST,🏠FBS",⚪,⚪,⚪,⚪,⚪,🟡,⚪,🟢,🟡,🔴,1,0,0,0,0,0,0,0,0,0,0,0,0,0
25,2043835757648,DSS,Колье «Милена»,Колье,39-44,Сер,Нет,645,D538,D538,Пусто,0,0,3,3,0,1,1,1,2,2,1,3,3,0,0,0,2 618,5 240,7 858,2 618,2 620,2 619,273,24,273,48,0,-1,0,4 515,0,5 160,0,0,7,8,7 860,1 935,3,1,"1,04","LST,🏠FBS",⚪,⚪,⚪,⚪,⚪,⚪,🟡,🟡,🔴,🟡,0,0,0,0,0,0,0,1,1,0,0,0,0,0
64,2039565778770,DSS,Кольцо «Дракон удачи»,Кольца,16,Зол,Да,152,D410,DKLC410,212753611,0,4,0,4,0,2,3,0,0,0,0,2,3,2,0,0,1 762,0,1 762,881,0,881,91,0,181,0,0,0,760,0,760,0,0,0,5,5,3 524,608,4,2,"1,11","LST,🏠FBS",⚪,⚪,⚪,⚪,⚪,⚪,⚪,⚪,🟡,🔴,2,1,0,0,0,0,0,0,0,0,0,0,0,0
89,2039565778824,DSS,Кольцо «Ласточка»,Кольца,18,Зол,Да,144,D415,DKLC413,212753612,1,0,0,1,1,3,3,0,0,0,1,3,3,2,0,200,6 726,0,6 726,2 242,0,2 242,628,0,1 884,0,-1,-2,144,0,288,0,0,0,1,2,2 242,144,1,"0,33","1,39","LST,🏠FBS",⚪,⚪,⚪,⚪,⚪,🟢,⚪,🟢,🔴,🔴,0,0,0,0,0,0,0,0,0,0,0,0,0,0
138,2042930397018,DSS,Кольцо-печатка «Глаз»,Кольца,16,Зол,Да,519,D503,D503,Пусто,0,0,2,2,0,0,0,0,3,3,0,3,3,0,1,0,0,8 019,8 019,0,2 673,2 673,0,-233,0,-699,0,-1,2 595,0,3 114,0,0,0,5,6,5 346,1 038,2,"0,67","0,92","LST,🏠FBS",⚪,⚪,⚪,⚪,⚪,⚪,🟢,🟢,🟡,🔴,0,0,0,0,0,0,2,0,0,0,0,0,0,0
140,2042930397032,DSS,Кольцо-печатка «Глаз»,Кольца,18,Зол,Да,519,D505,D503,Пусто,0,0,2,2,0,0,0,0,2,3,0,2,3,0,1,0,0,5 346,5 346,0,2 673,2 673,0,-233,0,-466,0,0,2 595,0,2 595,0,0,0,5,5,5 346,1 038,2,1,"0,92","LST,🏠FBS",⚪,⚪,⚪,⚪,⚪,⚪,🟡,🔴,🟡,🔴,0,0,0,0,0,0,1,1,0,0,0,0,0,0
142,2003788324007,DSS,Кольцо-печатка «Голубой глаз»,Кольца,16,Зол,Да,416,D006,D006DKLC001,21487575,0,12,0,12,0,1,1,0,0,2,0,1,3,1,0,0,2 610,0,2 610,2 610,0,2 610,99,0,99,0,0,0,2 080,0,2 080,0,0,0,5,5,31 320,4 992,12,12,"1,04","TSL,LST,🏠FBS",⚪,⚪,⚪,⚪,⚪,⚪,⚪,⚪,🟡,🟡,10,1,1,0,0,0,0,0,0,0,0,0,0,0
143,2037260683191,DSS,Кольцо-печатка «Голубой глаз»,Кольца,16.5,Зол,Да,480,D259,D006DKLC001,Пусто,0,0,0,0,0,0,0,0,1,3,0,1,3,0,0,0,0,2 490,2 490,0,2 490,2 490,0,-253,0,-253,0,-1,0,0,480,0,0,0,0,1,0,0,0,0,"0,91","SZ,LST,🏠FBS",⚪,⚪,⚪,⚪,⚪,⚪,⚪,⚪,🔴,🔴,0,0,0,0,0,0,0,0,0,0,0,0,0,0
148,2039460106616,DSS,Кольцо-печатка «Голубой глаз»,Кольца,15,Сер,Да,580,D438-S,D006DKLC001-S,Пусто,0,0,0,0,0,0,0,1,2,3,1,2,3,0,1,100,0,4 980,4 980,0,2 490,2 490,0,-353,0,-705,-1,-1,580,0,580,0,0,0,1,1,0,0,0,0,"0,88","SZ,LST,🏠FBS",⚪,⚪,⚪,⚪,⚪,⚪,🟡,🟡,🔴,🔴,0,0,0,0,0,0,0,0,0,0,0,0,0,0
169,2050086755347,DSS,Кольцо-печатка «Зеленый глаз»,Кольца,16-19,Зол,Да,513,D544,D006DKLC005,21487574,1,0,0,1,0,1,3,0,0,0,0,1,3,0,0,0,4 500,0,4 500,4 500,0,4 500,1 137,0,1 137,0,11,10,0,0,0,0,10,0,0,0,49 500,5 643,1,11,"1,34","LST,🏠FBS",⚪,⚪,⚪,⚪,⚪,⚪,⚪,⚪,🔴,🔴,0,0,0,0,0,0,0,0,0,0,0,0,0,0
213,2038344160935,DSS,Кольцо-печатка «Северное возрождение»,Кольца,18,Зол,Да,451,D368,D256DKLC133,172884229,0,0,0,0,0,1,1,0,0,2,0,1,3,0,0,0,2 250,0,2 250,2 250,0,2 250,324,0,324,0,0,-1,2 255,0,2 706,0,0,0,5,6,0,0,0,0,"1,17","LST,🏠FBS",⚪,⚪,⚪,⚪,⚪,⚪,⚪,⚪,🔴,🔴,0,0,0,0,0,0,0,0,0,0,0,0,0,0
234,2028892406623,DSS,Моносережка «Перо»,Серьги,—,Зол,Да,"429,25",D163,D114DSMR034,75216030,1,6,4,11,0,0,0,0,2,3,0,2,3,0,1,0,0,5 526,5 526,0,2 763,2 763,0,286,0,571,1,1,0,0,0,0,0,0,0,0,14 057,4 722,11,"2,54","1,12","LST,⚡️FBO",⚪,⚪,⚪,⚪,⚪,⚪,🔴,🔴,🟢,🔴,6,0,0,0,0,0,4,0,0,0,0,0,0,0
256,2037549638171,DSS,Сережки «Альба»,Серьги,—,Зол,Нет,70,D267,D267DSR095,149602994,1,1,3,5,0,0,1,1,1,2,1,1,3,0,0,0,0,1 188,1 188,0,1 188,1 188,0,139,0,139,1,1,0,0,0,0,0,0,0,0,3 704,350,5,"3,12","1,13","LST,🏠FBS",⚪,⚪,⚪,⚪,⚪,⚪,⚪,⚪,🟡,🔴,0,0,0,1,0,0,1,2,0,0,0,0,0,0
278,2042109156897,MSH,Сережки «Барбара»,Серьги,—,Зол,Нет,173,MSH-072,MSH-072,295472769,0,13,1,14,0,0,0,1,1,3,1,1,3,0,0,0,0,1 951,1 951,0,1 951,1 951,0,281,0,281,-1,0,0,346,0,0,0,0,2,0,4 200,2 422,14,"2,15","1,17","LST,⚡️FBO",⚪,⚪,⚪,⚪,⚪,⚪,🔴,🔴,🟡,🟡,5,3,4,1,0,0,0,1,0,0,0,0,0,0
288,2043834148218,DSS,Сережки «Василиса»,Серьги,—,Сер,Нет,120,D516,D516,Пусто,4,0,0,4,1,1,1,0,1,2,1,2,3,0,1,100,1 315,1 782,3 097,1 315,1 782,1 548,291,280,291,280,2,2,0,0,0,0,0,0,0,0,5 260,480,4,"1,7","1,23","LST,🏠FBS",⚪,⚪,⚪,⚪,⚪,⚪,⚪,⚪,🔴,🔴,0,0,0,0,0,0,0,0,0,0,0,0,0,0
307,2036899779886,DSS,Сережки «Гекконы»,Серьги,—,Зол,Да,574,D240,D115DSR077,106351577,1,0,1,2,1,2,2,0,0,1,1,2,3,0,0,0,5 043,0,5 043,2 522,0,2 522,307,0,613,0,-1,-1,574,0,574,0,0,0,1,1,3 096,1 148,2,"0,61","1,14","LST,🏠FBS",⚪,⚪,⚪,⚪,⚪,⚪,⚪,⚪,🔴,🔴,0,0,0,0,0,0,0,1,0,0,0,0,0,0
339,2042109217642,MSH,Сережки «Жозетт»,Серьги,—,Зол,Нет,315,MSH-076,MSH-076,295478625,12,0,1,13,2,2,2,0,1,1,2,3,3,1,0,50,4 118,2 096,6 214,2 059,2 096,2 071,386,186,771,186,8,10,0,0,0,0,0,0,0,0,26 804,4 095,6,"4,31","1,18","LST,🏠FBS",⚪,⚪,⚪,⚪,⚪,⚪,⚪,🟢,🔴,🔴,0,0,0,0,0,0,0,0,0,0,0,1,0,0
357,2043834127534,DSS,Сережки «Иветта»,Серьги,—,Сер,Нет,795,D515,D515,403160033,3,3,2,8,1,3,3,0,0,0,1,3,3,2,0,200,6 506,0,6 506,2 169,0,2 169,-52,0,-155,0,3,3,0,0,0,0,0,0,0,0,14 602,6 360,8,"2,24","0,98","LST,🏠FBS",⚪,⚪,⚪,⚪,⚪,🟢,⚪,🟢,🔴,🟡,0,2,1,0,0,0,0,1,0,0,0,0,0,0
367,2038819575745,MSH,Сережки «Исидора»,Серьги,—,Зол,Нет,98,MSH-007,MSH-007,183317058,1,20,6,27,1,2,2,0,0,1,1,2,3,0,0,0,2 483,0,2 483,1 242,0,1 242,285,0,570,0,1,1,0,0,0,0,0,0,0,0,26 660,2 646,27,"10,74","1,3","LST,⚡️FBO",⚪,⚪,⚪,⚪,⚪,🔴,⚪,🔴,🟢,🟡,9,7,3,0,1,0,4,1,0,0,0,0,0,0
371,2037360727610,DSS,Сережки «Капли»,Серьги,—,Зол,Нет,255,D249,D181DSR084,142574920,4,10,11,25,0,0,2,0,0,1,0,0,3,0,0,0,0,0,0,0,0,0,0,0,0,0,4,4,0,0,0,0,0,0,0,0,6 375,6 375,25,0,0,"LST,⚡️FBO",⚪,⚪,⚪,⚪,⚪,⚪,⚪,⚪,🟢,🟢,3,3,4,0,0,0,5,2,2,0,0,0,0,1
376,2031764172625,DSS,Сережки «Клевер»,Серьги,—,Пер,Нет,170,D175,D175DSR034,80361904,0,5,6,11,0,1,1,1,2,2,1,3,3,1,0,100,1 535,3 168,4 703,1 535,1 584,1 568,327,166,327,333,0,0,0,0,0,0,0,0,0,0,17 179,1 870,11,"3,65","1,16","LST,⚡️FBO",⚪,⚪,⚪,⚪,⚪,⚪,⚪,🟢,🟢,🟡,1,2,0,2,0,0,3,2,0,0,0,1,0,0
403,2038819575929,MSH,Сережки «Лаура»,Серьги,—,Сер,Нет,114,MSH-025,MSH-025,183317064,0,10,10,20,0,1,1,0,1,2,0,2,3,1,0,0,1 475,1 386,2 861,1 475,1 386,1 430,360,159,360,159,0,0,0,0,0,0,0,0,0,0,28 610,2 280,20,10,"1,22","LST,⚡️FBO",⚪,⚪,⚪,⚪,⚪,⚪,⚪,⚪,🟢,🟢,5,2,3,0,0,0,4,2,2,0,0,1,0,0
411,2042109205397,MSH,Сережки «Лила»,Серьги,—,Зол,Нет,248,MSH-075,MSH-075,295472772,4,6,0,10,1,2,2,0,1,1,1,3,3,0,1,100,2 950,1 436,4 386,1 475,1 436,1 462,226,41,451,41,4,3,0,0,0,0,0,0,0,0,14 750,2 480,10,"3,36","1,13","LST,🏠FBS",⚪,⚪,⚪,⚪,⚪,⚪,⚪,🟢,🔴,🔴,0,6,0,0,0,0,0,0,0,0,0,0,0,0
422,2038819575790,MSH,Сережки «Лучиана»,Серьги,—,Сер,Нет,199,MSH-012,MSH-012,183317054,0,9,4,13,0,0,1,1,1,2,1,1,3,0,0,0,0,1 188,1 188,0,1 188,1 188,0,10,0,10,0,0,0,0,0,0,0,0,0,0,6 543,2 587,13,"5,51","1,01","LST,⚡️FBO",⚪,⚪,⚪,⚪,⚪,⚪,⚪,⚪,🟢,🟡,2,3,2,1,1,0,3,0,0,0,0,1,0,0
441,2037846191072,DSS,Сережки «Морская звезда»,Серьги,—,Зол,Да,811,D234,D115DSR125,161198018,1,0,0,1,1,2,2,0,0,1,1,2,3,1,0,100,4 548,0,4 548,2 274,0,2 274,-27,0,-53,0,-1,-1,811,0,811,0,0,0,1,1,2 274,811,1,"0,5","0,99","LST,🏠FBS",⚪,⚪,⚪,⚪,⚪,⚪,⚪,⚪,🔴,🔴,0,0,0,0,0,0,0,0,0,0,0,0,0,0
473,2031762961627,DSS,Сережки «Песо»,Серьги,—,Зол,Да,630,D174,D115DSR033,80360614,0,0,0,0,1,1,3,0,0,0,1,1,3,0,0,0,3 119,0,3 119,3 119,0,3 119,483,0,483,0,13,14,0,0,0,0,15,0,0,0,46 785,9 450,0,15,"1,18","LST,⚡️FBO",⚪,⚪,⚪,⚪,⚪,⚪,⚪,⚪,🔴,🔴,0,0,0,0,0,0,0,0,0,0,0,0,0,0
498,2042109261362,MSH,Сережки «Сабрина»,Серьги,—,Про,Нет,80,MSH-082,MSH-082,295478631,3,13,7,23,1,1,3,0,0,0,1,1,3,2,0,200,891,0,891,891,0,891,167,0,167,0,3,3,0,0,0,0,0,0,0,0,14 816,1 840,23,"16,63","1,23","LST,⚡️FBO",⚪,⚪,⚪,⚪,⚪,⚪,⚪,🔴,🟢,🟡,7,3,2,0,1,0,6,0,0,0,0,0,0,0
545,2041923061028,MSH,Сережки «Черная луна»,Серьги,—,Зол,Нет,255,MSH-062,MSH-062,287111605,1,2,0,3,0,2,2,1,1,1,1,3,3,2,0,200,2 554,1 139,3 693,1 277,1 139,1 231,142,-61,283,-61,-1,0,0,0,0,0,0,0,💤,💤,3 831,765,3,"1,04","1,06","LST,🏠FBS,SLEEP",⚪,⚪,⚪,⚪,⚪,⚪,⚪,🟢,🔴,🟡,0,1,1,0,0,0,0,0,0,0,0,0,0,0
2,2039500963155,MSH,Браслет «Анита»,Браслет,16,Зол,Нет,381,MSHK-044,MSHK-044,209855978,1,12,0,13,0,0,2,0,0,0,0,0,2,0,0,0,0,0,0,0,0,0,0,0,0,0,1,1,0,0,0,0,0,0,💤,💤,4 953,4 953,13,0,0,"LST,🏠FBS,SLEEP",⚪,⚪,⚪,⚪,⚪,⚪,⚪,⚪,🟡,🔴,3,2,0,6,1,0,0,0,0,0,0,0,0,0
21,2038862868962,DSS,Колье «Листва»,Колье,36-45,Зол,Нет,190,D387,DSR387,185258909,0,6,2,8,1,1,1,0,1,1,1,2,2,0,1,100,1 713,1 782,3 495,1 713,1 782,1 748,376,210,376,210,0,0,0,0,0,0,0,0,0,0,13 842,1 520,8,"3,96","1,2","LST,🏠FBS",⚪,⚪,⚪,⚪,⚪,⚪,🔴,🔴,🟡,🔴,3,2,0,0,1,0,0,0,0,0,0,0,0,0
50,2039500954979,MSH,Кольцо «Дебора»,Кольца,16,Зол,Нет,329,MSHK-042,MSHK-042,209855763,0,0,0,0,1,1,2,0,0,0,1,1,2,0,0,0,1 053,0,1 053,1 053,0,1 053,-19,0,-19,0,-2,-1,0,3 290,0,2 961,0,0,10,9,0,0,0,0,"0,98","TSL,LST,🏠FBS",⚪,⚪,⚪,⚪,⚪,⚪,⚪,⚪,🔴,🔴,0,0,0,0,0,0,0,0,0,0,0,0,0,0
76,2036884744134,DSS,Кольцо «Змея»,Кольца,17,Зол,Да,194,D222,D155DKLC122,105431253,0,1,0,1,0,2,2,0,0,0,0,2,2,1,0,0,2 554,0,2 554,1 277,0,1 277,203,0,405,0,0,-1,970,0,1 164,0,0,0,5,6,1 277,194,1,"0,5","1,19","LST,🏠FBS",⚪,⚪,⚪,⚪,⚪,🟡,⚪,🟡,🔴,🔴,0,1,0,0,0,0,0,0,0,0,0,0,0,0
95,2037549489445,DSS,Кольцо «Ника»,Кольца,16,Сер,Нет,200,D330,D262DKLC007,149596390,2,3,2,7,1,1,1,1,1,1,2,2,2,0,0,0,851,1 188,2 039,851,1 188,1 020,31,9,31,9,2,2,0,0,0,0,0,0,0,0,6 631,1 400,4,"3,25","1,02","LST,🏠FBS",⚪,⚪,⚪,⚪,⚪,⚪,⚪,⚪,🟡,🔴,2,0,0,1,0,0,0,0,0,0,0,0,0,0
124,2038193876162,DSS,Кольцо-печатка «Взгляд мужчины»,Кольца,16,Зол,Да,451,D347,D256DKLC131,Пусто,0,0,0,0,0,1,1,0,0,1,0,1,2,1,0,0,2 003,0,2 003,2 003,0,2 003,228,0,228,0,0,-1,2 255,0,2 706,0,0,0,5,6,0,0,0,0,"1,13","LST,🏠FBS",⚪,⚪,⚪,⚪,⚪,⚪,⚪,⚪,🔴,🔴,0,0,0,0,0,0,0,0,0,0,0,0,0,0
136,2038954921896,DSS,Кольцо-печатка «Взгляд»,Кольца,18,Сер,Да,559,D258-S,D256DKLC006-S,188896507,0,0,1,1,1,1,2,0,0,0,1,1,2,0,0,0,4 344,0,4 344,4 344,0,4 344,1 030,0,1 030,0,-2,-1,3 913,0,3 354,0,0,0,7,6,559,559,1,"0,13","1,31","LST,🏠FBS",⚪,⚪,⚪,⚪,⚪,⚪,⚪,⚪,🔴,🔴,0,0,0,0,0,0,0,0,0,0,0,0,0,0
146,2003788341004,DSS,Кольцо-печатка «Голубой глаз»,Кольца,18,Зол,Да,480,D007,D006DKLC001,21487575,3,0,1,4,0,0,0,1,2,2,1,2,2,0,1,100,0,4 980,4 980,0,2 490,2 490,0,-253,0,-505,2,2,0,0,0,0,0,0,0,0,3 930,1 920,4,"0,79","0,91","TSL,LST,🏠FBS",⚪,⚪,⚪,⚪,⚪,⚪,⚪,⚪,🔴,🔴,0,0,0,0,0,0,0,0,0,0,0,1,0,0
149,2039460106623,DSS,Кольцо-печатка «Голубой глаз»,Кольца,15.5,Сер,Да,580,D439-S,D006DKLC001-S,207879372,0,2,0,2,0,0,0,0,1,2,0,1,2,0,0,0,0,2 490,2 490,0,2 490,2 490,0,-353,0,-353,0,-1,0,0,580,0,0,0,0,1,1 160,1 160,2,"0,47","0,88","TSL,SZ,LST,🏠FBS",⚪,⚪,⚪,⚪,⚪,⚪,⚪,⚪,🟡,🔴,2,0,0,0,0,0,0,0,0,0,0,0,0,0
150,2039460106630,DSS,Кольцо-печатка «Голубой глаз»,Кольца,16,Сер,Да,670,D440-S,D006DKLC001-S,207879372,0,1,0,1,0,1,2,0,0,0,0,1,2,1,0,0,3 861,0,3 861,3 861,0,3 861,332,0,332,0,0,0,3 350,0,3 350,0,0,0,5,5,3 861,670,1,1,"1,09","TSL,LST,🏠FBS",⚪,⚪,⚪,⚪,⚪,🔴,⚪,🔴,🔴,🔴,0,0,0,1,0,0,0,0,0,0,0,0,0,0
155,2039460106685,DSS,Кольцо-печатка «Голубой глаз»,Кольца,18.5,Сер,Да,525,D445-S,D006DKLC001-S,207879372,0,0,1,1,1,1,2,0,0,0,1,1,2,0,0,0,3 775,0,3 775,3 775,0,3 775,443,0,443,0,-2,-1,1 050,0,525,0,0,0,2,1,525,525,1,"0,14","1,13","TSL,SZ,LST,🏠FBS",⚪,⚪,⚪,⚪,⚪,⚪,⚪,⚪,🔴,🔴,0,0,0,0,0,0,0,0,0,0,0,0,0,0
176,2039460050254,DSS,Кольцо-печатка «Зеленый глаз»,Кольца,15.5,Сер,Да,670,D455-S,D006DKLC005-S,188895445,0,8,0,8,1,1,1,0,0,1,1,1,2,0,0,0,4 643,0,4 643,4 643,0,4 643,636,0,636,0,0,0,0,0,0,0,0,0,0,0,37 144,5 360,8,8,"1,16","SZ,LST,🏠FBS",⚪,⚪,⚪,⚪,⚪,⚪,⚪,⚪,🟡,🟡,1,3,3,0,1,0,0,0,0,0,0,0,0,0
185,2039460050315,DSS,Кольцо-печатка «Зеленый глаз»,Кольца,20,Сер,Да,525,D461-S,D006DKLC005-S,188895445,0,2,0,2,0,0,0,1,1,2,1,1,2,0,1,100,0,2 490,2 490,0,2 490,2 490,0,-298,0,-298,-1,-1,525,0,525,0,0,0,1,1,1 050,1 050,2,"0,42","0,89","SZ,LST,🏠FBS",⚪,⚪,⚪,⚪,⚪,⚪,⚪,⚪,🟡,🔴,2,0,0,0,0,0,0,0,0,0,0,0,0,0
188,2003788394000,DSS,Кольцо-печатка «Карий глаз»,Кольца,16,Зол,Да,480,D008,D006DKLC003,21487573,0,4,0,4,1,2,2,0,0,0,1,2,2,1,0,100,5 162,0,5 162,2 581,0,2 581,24,0,48,0,0,0,2 400,0,2 400,0,0,0,5,5,10 324,1 920,4,2,"1,01","LST,🏠FBS",⚪,⚪,⚪,⚪,⚪,⚪,⚪,⚪,🟡,🔴,2,0,1,1,0,0,0,0,0,0,0,0,0,0
193,2039459992787,DSS,Кольцо-печатка «Карий глаз»,Кольца,19,Зол,Да,416,D466,D006DKLC003,21487573,0,4,1,5,0,0,1,0,1,1,0,1,2,0,0,0,0,1 950,1 950,0,1 950,1 950,0,-362,0,-362,0,0,0,0,0,0,0,0,0,0,3 614,2 080,5,"1,85","0,84","SZ,LST,🏠FBS",⚪,⚪,⚪,⚪,⚪,⚪,⚪,⚪,🟡,🔴,2,2,0,0,0,0,0,0,0,0,0,0,0,0
225,2028892444625,DSS,Моносережка «Ключ»,Серьги,—,Зол,Да,214,D164,D114DSMR035,75216031,2,0,0,2,0,1,1,0,1,1,0,2,2,1,1,0,2 673,2 376,5 049,2 673,2 376,2 524,726,377,726,377,2,0,0,0,0,0,0,0,0,0,5 346,428,2,"1,06","1,28","LST,🏠FBS",⚪,⚪,⚪,⚪,⚪,⚪,⚪,⚪,🔴,🔴,0,0,0,0,0,0,0,0,0,0,0,0,0,0
243,2038344274472,DSS,Сережки «Аврора»,Серьги,—,Сер,Нет,345,D371,D265DSR147,172886279,0,0,0,0,1,1,1,0,0,1,1,1,2,0,0,0,1 879,0,1 879,1 879,0,1 879,286,0,286,0,-2,-1,0,3 450,0,2 760,0,0,10,8,0,0,0,0,"1,18","LST,🏠FBS",⚪,⚪,⚪,⚪,⚪,⚪,⚪,⚪,🔴,🔴,0,0,0,0,0,0,0,0,0,0,0,0,0,0
249,2038819575813,MSH,Сережки «Азалия»,Серьги,—,Сер,Нет,195,MSH-014,MSH-014,183317057,0,4,0,4,1,1,1,0,0,1,1,1,2,0,0,0,1 917,0,1 917,1 917,0,1 917,451,0,451,0,0,0,0,1 365,0,1 365,0,0,7,7,7 668,780,4,4,"1,31","LST,⚡️FBO",⚪,⚪,⚪,⚪,⚪,⚪,⚪,⚪,🟡,🔴,4,0,0,0,0,0,0,0,0,0,0,0,0,0
251,2043833886838,DSS,Сережки «Алана»,Серьги,—,Зол,Нет,745,D509,D509,403132288,1,3,3,7,0,0,0,1,2,2,1,2,2,0,1,100,0,6 684,6 684,0,3 342,3 342,0,156,0,312,1,1,0,0,0,0,0,0,0,0,13 006,5 215,7,"1,95","1,05","LST,🏠FBS",⚪,⚪,⚪,⚪,⚪,⚪,⚪,🟡,🟡,🟡,2,0,0,0,0,0,0,1,1,0,0,0,0,0
258,2039500932731,MSH,Сережки «Аманда»,Серьги,—,Зол,Нет,171,MSHK-048,MSHK-048,209854798,20,7,0,27,0,2,2,0,0,0,0,2,2,1,0,0,3 268,0,3 268,1 634,0,1 634,364,0,729,0,20,20,0,0,0,0,0,0,0,0,44 118,4 617,27,"13,5","1,29","LST,🏠FBS",⚪,⚪,⚪,⚪,⚪,⚪,⚪,⚪,🟡,🔴,5,1,0,1,0,0,0,0,0,0,0,0,0,0
264,2043835014734,DSS,Сережки «Амулет»,Серьги,—,Зол,Да,668,D521,D521,403253744,0,0,0,0,2,2,2,0,0,0,2,2,2,0,0,0,6 320,0,6 320,3 160,0,3 160,461,0,922,0,-4,-2,6 012,0,4 676,0,0,0,9,7,0,0,0,0,"1,17","LST,🏠FBS",⚪,⚪,⚪,⚪,⚪,⚪,⚪,⚪,🔴,🔴,0,0,0,0,0,0,0,0,0,0,0,0,0,0
266,2038193939935,DSS,Сережки «Анемоны»,Серьги,—,Зол,Да,815,D357,D202DSR133,170043168,4,3,0,7,1,1,1,1,1,1,2,2,2,0,0,0,3 330,3 406,6 736,3 330,3 406,3 368,380,106,380,106,2,3,0,0,0,0,0,0,0,0,23 310,5 705,4,"3,46","1,08","LST,🏠FBS",⚪,⚪,⚪,⚪,⚪,🔴,⚪,🔴,🟡,🔴,3,0,0,0,0,0,0,0,0,0,0,0,0,0
270,2043834044190,DSS,Сережки «Афина»,Серьги,—,Зол,Нет,200,D512,D512,403160030,0,8,7,15,0,1,2,0,0,0,0,1,2,0,0,0,2 079,0,2 079,2 079,0,2 079,509,0,509,0,0,0,0,0,0,0,0,0,0,0,18 032,3 000,15,"8,67","1,32","LST,⚡️FBO",⚪,⚪,⚪,⚪,⚪,⚪,⚪,⚪,🟢,🟢,5,2,1,0,0,0,3,2,2,0,0,0,0,0
284,2042109249162,MSH,Сережки «Бланка»,Серьги,—,Сер,Нет,255,MSH-080,MSH-080,295478629,6,0,1,7,1,1,2,0,0,0,1,1,2,0,0,0,1 206,0,1 206,1 206,0,1 206,114,0,114,0,4,5,0,0,0,0,0,0,0,0,7 491,1 785,7,"6,21","1,1","LST,🏠FBS",⚪,⚪,⚪,⚪,⚪,⚪,⚪,⚪,🔴,🔴,0,0,0,0,0,0,0,0,1,0,0,0,0,0
305,2039500932663,MSH,Сережки «Габриэль»,Серьги,—,Зол,Нет,355,MSHK-037,MSHK-037,209854790,0,7,8,15,0,1,1,1,1,1,1,2,2,1,0,100,782,1 870,2 652,782,1 870,1 326,-151,73,-151,73,0,0,0,0,0,0,0,0,0,0,20 434,5 325,15,"7,71","0,97","LST,⚡️FBO",⚪,⚪,⚪,⚪,⚪,⚪,⚪,🟡,🟢,🟡,2,3,1,0,1,0,5,0,0,0,1,0,1,0
309,2042930623759,DSS,Сережки «Глаза»,Серьги,—,Зол,Да,519,D493,D493,336305248,0,4,1,5,0,0,0,0,1,2,0,1,2,0,0,0,0,3 960,3 960,0,3 960,3 960,0,580,0,580,0,0,0,0,0,0,0,0,0,0,6 036,2 595,5,"1,52","1,17","LST,⚡️FBO",⚪,⚪,⚪,⚪,⚪,⚪,⚪,⚪,🟢,🔴,4,0,0,0,0,0,1,0,0,0,0,0,0,0
313,2038819575707,MSH,Сережки «Дана»,Серьги,—,Зол,Нет,244,MSH-003,MSH-003,183317045,10,1,1,12,0,1,2,0,0,0,0,1,2,1,0,0,1 881,0,1 881,1 881,0,1 881,388,0,388,0,10,10,0,0,0,0,0,0,0,0,20 935,2 928,12,"11,13","1,26","LST,🏠FBS",⚪,⚪,⚪,⚪,⚪,⚪,⚪,⚪,🔴,🔴,0,0,0,1,0,0,0,0,0,0,0,0,0,1
329,2038819575691,MSH,Сережки «Египетские скарабеи»,Серьги,—,Зол,Нет,170,MSH-002,MSH-002,183317049,13,0,5,18,0,0,2,0,0,0,0,0,2,0,0,0,0,0,0,0,0,0,0,0,0,0,13,13,0,0,0,0,0,0,0,0,3 060,3 060,18,0,0,"LST,🏠FBS",⚪,⚪,⚪,⚪,⚪,⚪,⚪,⚪,🟡,🔴,0,0,0,0,0,0,1,0,0,0,0,3,0,0
344,2038193955324,DSS,Сережки «Звездочки»,Серьги,—,Зол,Да,468,D360,D215DSR136,170044176,2,2,3,7,0,1,1,0,0,1,0,1,2,1,0,0,2 138,0,2 138,2 138,0,2 138,263,0,263,0,2,2,0,0,0,0,0,0,0,0,9 956,3 276,7,"4,66","1,14","LST,🏠FBS",⚪,⚪,⚪,⚪,⚪,⚪,⚪,⚪,🔴,🔴,0,0,0,0,1,0,0,1,0,0,0,0,0,1
347,2038959949420,DSS,Сережки «Змеи»,Серьги,—,Сер,Да,1030,D232-S,D202DSR069-S,188987496,0,4,1,5,0,0,1,0,0,1,0,0,2,0,0,0,0,0,0,0,0,0,0,0,0,0,0,0,0,0,0,0,0,0,💤,💤,5 150,5 150,5,0,0,"LST,⚡️FBO,SLEEP",⚪,⚪,⚪,⚪,⚪,⚪,⚪,⚪,🔴,🔴,0,4,0,0,0,0,0,0,0,0,0,0,1,0
353,2039500932700,MSH,Сережки «Зои»,Серьги,—,Зол,Нет,381,MSHK-045,MSHK-045,209854795,2,7,7,16,1,1,1,0,1,1,1,2,2,0,0,0,1 733,1 822,3 555,1 733,1 822,1 778,193,32,193,32,2,2,0,0,0,0,0,0,0,0,28 351,6 096,16,"7,97","1,07","LST,🏠FBS",⚪,⚪,⚪,⚪,⚪,⚪,⚪,⚪,🟡,🟡,1,4,1,0,0,0,0,1,0,0,0,4,1,0
369,2043835074134,DSS,Сережки «Камилла»,Серьги,—,Зол,Да,514,D535,D535,403253748,0,2,7,9,1,1,1,1,1,1,2,2,2,0,0,0,1 670,3 037,4 707,1 670,3 037,2 354,35,289,35,289,0,0,0,0,0,0,0,0,0,0,24 599,4 626,4,"5,23","1,07","LST,🏠FBS",⚪,⚪,⚪,⚪,⚪,⚪,⚪,⚪,🟢,🔴,2,0,0,0,0,0,3,1,0,0,0,1,0,1
392,2038193968690,DSS,Сережки «Кэрри»,Серьги,—,Зол,Да,502,D364,D115DSR140,170044779,0,2,6,8,1,2,2,0,0,0,1,2,2,1,0,100,4 594,0,4 594,2 297,0,2 297,291,0,583,0,0,0,0,0,0,0,0,0,0,0,7 606,4 016,8,"1,66","1,15","LST,⚡️FBO",⚪,⚪,⚪,⚪,⚪,🟡,⚪,🟡,🟢,🔴,2,0,0,0,0,0,4,2,0,0,0,0,0,0
394,2039566343533,DSS,Сережки «Ландыши»,Серьги,—,Зол,Да,306,D472,DSR472,212774191,8,1,0,9,1,1,2,0,0,0,1,1,2,0,0,0,1 249,0,1 249,1 249,0,1 249,80,0,80,0,7,8,0,0,0,0,0,0,0,0,11 241,2 754,9,9,"1,07","LST,🏠FBS",⚪,⚪,⚪,⚪,⚪,⚪,⚪,⚪,🟡,🔴,1,0,0,0,0,0,0,0,0,0,0,0,0,0
396,2038193956406,DSS,Сережки «Ласковое солнце»,Серьги,—,Зол,Да,698,D361,D215DSR137,170044177,0,0,0,0,0,2,2,0,0,0,0,2,2,1,0,0,5 544,0,5 544,2 772,0,2 772,280,0,560,0,0,-2,0,0,0,0,0,0,💤,💤,0,0,0,0,"1,11","LST,🏠FBS,SLEEP",⚪,⚪,⚪,⚪,⚪,🟡,⚪,🟡,🔴,🔴,0,0,0,0,0,0,0,0,0,0,0,0,0,0
417,2037549228273,DSS,Сережки «Листики»,Серьги,—,Зол,Нет,50,D274,D216DSR099,149579135,5,13,14,32,2,2,2,0,0,0,2,2,2,0,0,0,2 258,0,2 258,1 129,0,1 129,289,0,578,0,5,5,0,0,0,0,0,0,0,0,21 022,1 600,16,"9,31","1,34",⚡️FBO,⚪,⚪,⚪,⚪,⚪,🟡,⚪,🟡,🟢,🟢,6,4,3,0,0,0,6,4,3,0,0,0,0,0
430,2042109168753,MSH,Сережки «Матильда»,Серьги,—,Зол,Нет,315,MSH-073,MSH-073,295472770,0,11,7,18,1,1,1,0,1,1,1,2,2,1,0,100,1 890,1 782,3 672,1 890,1 782,1 836,320,85,320,85,0,0,0,0,0,0,0,0,0,0,33 264,5 670,18,"9,06","1,12","LST,⚡️FBO",⚪,⚪,⚪,⚪,⚪,⚪,⚪,⚪,🟢,🟢,7,1,2,1,0,0,5,1,1,0,0,0,0,0
436,2028891454625,DSS,Сережки «Монеты Будда»,Серьги,—,Зол,Да,552,D160,D115DSR027,75214861,1,1,2,4,0,0,1,0,0,1,0,0,2,0,0,0,0,0,0,0,0,0,0,0,0,0,1,1,0,0,0,0,0,0,0,0,2 208,2 208,4,0,0,"LST,🏠FBS",⚪,⚪,⚪,⚪,⚪,⚪,⚪,⚪,🟡,🔴,1,0,0,0,0,0,0,0,1,0,0,0,0,0
445,2043835141225,DSS,Сережки «Муза и сосуд»,Серьги,—,Зол,Да,600,D539,D539,403253750,1,2,4,7,0,0,0,2,2,2,2,2,2,0,0,0,0,7 326,7 326,0,3 663,3 663,0,404,0,808,1,1,0,0,0,0,0,0,0,0,16 452,4 200,4,"2,25","1,12","LST,🏠FBS",⚪,⚪,⚪,⚪,⚪,⚪,🟡,🟡,🟢,🟡,1,0,1,0,0,0,3,1,0,0,0,0,0,0
454,2036693190412,DSS,Сережки «Ника»,Серьги,—,Сер,Нет,280,D196,D193DSR047,91484393,0,4,3,7,0,0,0,1,2,2,1,2,2,0,0,0,0,2 772,2 772,0,1 386,1 386,0,-7,0,-14,0,0,0,0,0,0,0,0,0,0,5 278,1 960,7,"1,9","0,99","LST,⚡️FBO",⚪,⚪,⚪,⚪,⚪,⚪,⚪,⚪,🟢,🔴,4,0,0,0,0,0,3,0,0,0,0,0,0,0
460,2037774221667,DSS,Сережки «Осьминоги»,Серьги,—,Зол,Да,782,D302,D301DSR116,163715536,1,0,1,2,2,2,2,0,0,0,2,2,2,0,0,0,8 076,0,8 076,4 038,0,4 038,688,0,1 377,0,-3,-1,2 346,0,782,0,0,0,3,1,4 820,1 564,1,"0,6","1,21","LST,🏠FBS",⚪,⚪,⚪,⚪,⚪,⚪,⚪,⚪,🔴,🔴,0,0,0,0,0,0,0,0,0,0,0,0,0,0
485,2043836063991,MSH,Сережки «Ривьера»,Серьги,—,Зол,Нет,215,MSH-093,MSH-093,403343968,1,1,1,3,1,1,2,0,0,0,1,1,2,0,0,0,1 611,0,1 611,1 611,0,1 611,312,0,312,0,0,1,0,0,0,0,0,0,0,0,3 437,645,3,"2,13","1,24","LST,🏠FBS",⚪,⚪,⚪,⚪,⚪,⚪,⚪,⚪,🔴,🔴,0,0,0,0,1,0,0,0,0,0,0,0,0,0
490,2043836135926,MSH,Сережки «Роксана»,Серьги,—,Зол,Нет,355,MSH-095,MSH-095,403343970,2,8,2,12,1,1,1,0,0,1,1,1,2,0,0,0,1 556,0,1 556,1 556,0,1 556,150,0,150,0,2,2,0,0,0,0,0,0,0,0,16 270,4 260,12,"10,46","1,11","LST,🏠FBS",⚪,⚪,⚪,⚪,⚪,⚪,⚪,⚪,🟢,🟡,3,3,2,0,0,0,1,0,0,0,0,0,0,0
499,2042109272764,MSH,Сережки «Сабрина»,Серьги,—,Сир,Нет,80,MSH-083,MSH-083,295478632,3,6,7,16,2,2,2,0,0,0,2,2,2,0,0,0,2 270,0,2 270,1 135,0,1 135,261,0,523,0,3,3,0,0,0,0,0,0,0,0,10 775,1 280,8,"4,75","1,3","LST,🏠FBS",⚪,⚪,⚪,⚪,⚪,⚪,⚪,⚪,🟢,🟡,1,2,1,1,1,0,2,0,0,0,2,0,0,0
505,2039500932656,MSH,Сережки «Сильвия»,Серьги,—,Зол,Нет,302,MSHK-036,MSHK-036,209854789,0,7,0,7,0,0,1,0,1,1,0,1,2,0,0,0,0,1 337,1 337,0,1 337,1 337,0,-45,0,-45,0,-1,0,2 114,0,2 416,0,0,7,8,2 114,2 114,7,"1,58","0,97","LST,⚡️FBO",⚪,⚪,⚪,⚪,⚪,⚪,⚪,⚪,🟡,🔴,2,4,0,1,0,0,0,0,0,0,0,0,0,0
514,2038819575905,MSH,Сережки «Скелеты»,Серьги,—,Сер,Нет,121,MSH-023,MSH-023,183317065,3,1,2,6,1,1,1,0,1,1,1,2,2,0,1,100,1 295,1 347,2 642,1 295,1 347,1 321,283,139,283,139,2,3,0,0,0,0,0,0,0,0,7 874,726,6,"2,98","1,19","LST,🏠FBS",⚪,⚪,⚪,⚪,⚪,⚪,⚪,⚪,🟡,🔴,0,0,1,0,0,0,2,0,0,0,0,0,0,0
528,2043834953331,DSS,Сережки «Тропики»,Серьги,—,Зол,Да,671,D518,D518,403253740,1,6,4,11,0,0,1,0,0,1,0,0,2,0,0,0,0,0,0,0,0,0,0,0,0,0,1,1,0,0,0,0,0,0,0,0,7 381,7 381,11,0,0,"LST,🏠FBS",⚪,⚪,⚪,⚪,⚪,⚪,⚪,⚪,🟢,🟡,3,1,1,1,0,0,1,2,0,0,0,0,0,0
551,2039500932816,MSH,Сережки «Эмма»,Серьги,—,Сер,Нет,194,MSHK-056,MSHK-056,209854806,0,12,0,12,1,1,1,0,0,1,1,1,2,0,0,0,480,0,480,480,0,480,-107,0,-107,0,0,0,0,1 358,0,1 358,0,0,7,7,5 760,2 328,12,12,"0,82","LST,🏠FBS",⚪,⚪,⚪,⚪,⚪,⚪,⚪,⚪,🟡,🟡,9,1,1,1,0,0,0,0,0,0,0,0,0,0
555,2039500932786,MSH,Сережки «Эстер»,Серьги,—,Зол,Нет,346,MSHK-053,MSHK-053,209854803,1,10,0,11,0,1,1,0,0,1,0,1,2,1,0,0,1 633,0,1 633,1 633,0,1 633,189,0,189,0,1,1,0,0,0,0,0,0,0,0,17 968,3 806,11,11,"1,13","LST,🏠FBS",⚪,⚪,⚪,⚪,⚪,⚪,⚪,⚪,🟡,🔴,3,2,0,2,2,0,0,0,0,0,0,0,0,0
27,2038819637450,MSH,Колье «Наоми»,Колье,40-45,Зол,Нет,128,MSHK-031,MSHK-031,183318192,3,19,2,24,0,1,1,0,0,0,0,1,1,1,0,0,644,0,644,644,0,644,22,0,22,0,3,3,0,0,0,0,0,0,0,0,14 424,3 072,24,"22,4","1,04","LST,🏠FBS",⚪,⚪,⚪,⚪,⚪,⚪,⚪,⚪,🟢,🟡,11,3,3,0,1,0,1,0,1,0,0,0,0,0
39,2037853358185,DSS,Колье «Фрэнсис»,Колье,40-45,Зол,Нет,620,D311,D184DKLE013,161490844,4,1,0,5,0,0,0,0,1,1,0,1,1,0,1,0,0,2 475,2 475,0,2 475,2 475,0,2,0,2,4,3,0,0,0,0,0,0,0,0,3 100,3 100,5,"1,25",1,"LST,🏠FBS",⚪,⚪,⚪,⚪,⚪,⚪,⚪,⚪,🔴,🔴,0,0,0,0,0,0,0,0,0,0,0,0,0,0
54,2037774363404,DSS,Кольцо «Джейн»,Кольца,16,Зол,Да,122,D312,D155DKLC125,163679510,0,7,0,7,0,0,1,0,0,0,0,0,1,0,0,0,0,0,0,0,0,0,0,0,0,0,0,0,610,0,610,0,0,0,5,5,854,854,7,0,0,"LST,🏠FBS",⚪,⚪,⚪,⚪,⚪,⚪,⚪,⚪,🟡,🔴,3,0,1,1,2,0,0,0,0,0,0,0,0,0
59,2039460062295,DSS,Кольцо «Джейн»,Кольца,19,Зол,Да,122,D394,D155DKLC125,163679510,0,1,0,1,0,1,1,0,0,0,0,1,1,1,0,0,683,0,683,683,0,683,44,0,44,0,0,0,0,0,0,0,0,0,0,0,683,122,1,1,"1,07","SZ,LST,🏠FBS",⚪,⚪,⚪,⚪,⚪,⚪,⚪,⚪,🟡,🔴,1,0,0,0,0,0,0,0,0,0,0,0,0,0
61,2039460092476,DSS,Кольцо «Джейн»,Кольца,17,Сер,Да,366,D402-S,D155DKLC125-S,Пусто,0,0,0,0,0,0,1,0,0,0,0,0,1,0,0,0,0,0,0,0,0,0,0,0,0,0,0,0,1 830,0,1 830,0,0,0,5,5,0,0,0,0,0,"LST,🏠FBS",⚪,⚪,⚪,⚪,⚪,⚪,⚪,⚪,🔴,🔴,0,0,0,0,0,0,0,0,0,0,0,0,0,0
73,2041100634274,DSS,Кольцо «Жук-носорог»,Кольца,18,Сер,Да,519,D490,D155DKLC127-S,Пусто,1,0,1,2,1,1,1,0,0,0,1,1,1,0,0,0,980,0,980,980,0,980,-238,0,-238,0,-1,0,519,0,0,0,0,0,1,0,1 499,1 038,2,"1,53","0,8","LST,🏠FBS",⚪,⚪,⚪,⚪,⚪,⚪,⚪,⚪,🔴,🔴,0,0,0,0,0,0,0,0,0,0,0,0,0,0
79,2043835537813,DSS,Кольцо «Ирис»,Кольца,16,Зол,Да,291,D527,D527,Пусто,0,0,5,5,0,0,0,0,0,1,0,0,1,0,0,0,0,0,0,0,0,0,0,0,0,0,0,0,1 455,0,1 455,0,0,0,5,5,1 455,1 455,5,0,0,"LST,🏠FBS",⚪,⚪,⚪,⚪,⚪,⚪,⚪,⚪,🟡,🔴,0,0,0,0,0,0,3,1,0,0,0,1,0,0
81,2043835537837,DSS,Кольцо «Ирис»,Кольца,18,Зол,Да,291,D529,D527,403288915,0,0,7,7,1,1,1,0,0,0,1,1,1,0,0,0,2 317,0,2 317,2 317,0,2 317,510,0,510,0,-2,-1,2 037,0,1 746,0,0,0,7,6,2 037,2 037,7,"0,88","1,28","LST,🏠FBS",⚪,⚪,⚪,⚪,⚪,⚪,⚪,⚪,🟡,🔴,0,0,0,0,0,0,4,1,0,0,0,2,0,0
83,2019544256000,DSS,Кольцо «Когти»,Кольца,16,Зол,Да,156,D155,D155DKLC121,61285088,0,0,0,0,1,1,1,0,0,0,1,1,1,0,0,0,1 525,0,1 525,1 525,0,1 525,337,0,337,0,-2,-1,1 092,0,936,0,0,0,7,6,0,0,0,0,"1,28","LST,🏠FBS",⚪,⚪,⚪,⚪,⚪,⚪,⚪,⚪,🔴,🔴,0,0,0,0,0,0,0,0,0,0,0,0,0,0
88,2039565778817,DSS,Кольцо «Ласточка»,Кольца,17,Зол,Да,144,D414,DKLC413,Пусто,1,0,0,1,1,1,1,0,0,0,1,1,1,0,0,0,2 192,0,2 192,2 192,0,2 192,608,0,608,0,-1,0,144,0,0,0,0,0,1,0,2 192,144,1,1,"1,38","LST,🏠FBS",⚪,⚪,⚪,⚪,⚪,⚪,⚪,⚪,🔴,🔴,0,0,0,0,0,0,0,0,0,0,0,0,0,0
105,2042930554923,DSS,Кольцо «Роза»,Кольца,18,Зол,Да,225,D496,D494,336299967,5,0,0,5,0,1,1,0,0,0,0,1,1,1,0,0,1 960,0,1 960,1 960,0,1 960,437,0,437,0,5,4,0,0,0,0,0,0,0,0,9 800,1 125,5,5,"1,29","LST,🏠FBS",⚪,⚪,⚪,⚪,⚪,⚪,⚪,⚪,🔴,🔴,0,0,0,0,0,0,0,0,0,0,0,0,0,0
109,2036884811928,DSS,Кольцо «Эллисон»,Кольца,17,Зол,Нет,365,D228,D155DKLC124,105431746,0,0,0,0,0,0,1,0,0,0,0,0,1,1,0,0,0,0,0,0,0,0,0,0,0,0,0,0,0,2 555,0,2 555,0,0,7,7,0,0,0,0,0,"LST,🏠FBS",⚪,⚪,⚪,⚪,⚪,⚪,⚪,⚪,🔴,🔴,0,0,0,0,0,0,0,0,0,0,0,0,0,0
113,2039777957000,MSH,Кольцо «Эльса»,Кольца,17,Зол,Нет,302,MSHK-058,MSHK-041,Пусто,0,0,0,0,0,0,1,0,0,0,0,0,1,0,0,0,0,0,0,0,0,0,0,0,0,0,0,0,0,0,0,0,0,0,💤,💤,0,0,0,0,0,"LST,🏠FBS,SLEEP",⚪,⚪,⚪,⚪,⚪,⚪,⚪,⚪,🔴,🔴,0,0,0,0,0,0,0,0,0,0,0,0,0,0
114,2039777336478,MSH,Кольцо «Эльса»,Кольца,18,Зол,Нет,302,MSHK-059,MSHK-041,209855762,0,0,0,0,1,1,1,0,0,0,1,1,1,0,0,0,881,0,881,881,0,881,-59,0,-59,0,-2,-1,0,0,0,0,0,0,💤,💤,0,0,0,0,"0,94","TSL,LST,🏠FBS,SLEEP",⚪,⚪,⚪,⚪,⚪,⚪,⚪,⚪,🔴,🔴,0,0,0,0,0,0,0,0,0,0,0,0,0,0
118,2039565948616,DSS,Кольцо-печатка «Love»,Кольца,18,Зол,Да,519,D433,DKLC431,212760298,0,0,0,0,1,1,1,0,0,0,1,1,1,0,0,0,2 178,0,2 178,2 178,0,2 178,228,0,228,0,-2,-1,3 633,0,3 114,0,0,0,7,6,0,0,0,0,"1,12","LST,🏠FBS",⚪,⚪,⚪,⚪,⚪,⚪,⚪,⚪,🔴,🔴,0,0,0,0,0,0,0,0,0,0,0,0,0,0
122,2039565948555,DSS,Кольцо-печатка «Бабочка»,Кольца,18,Зол,Да,451,D427,DKLC425,212760278,1,2,0,3,1,1,1,0,0,0,1,1,1,0,0,0,2 267,0,2 267,2 267,0,2 267,331,0,331,0,1,1,0,0,0,0,0,0,0,0,6 801,1 353,3,3,"1,17","LST,🏠FBS",⚪,⚪,⚪,⚪,⚪,⚪,⚪,⚪,🟡,🔴,2,0,0,0,0,0,0,0,0,0,0,0,0,0
130,2037360770760,DSS,Кольцо-печатка «Взгляд»,Кольца,17,Зол,Да,451,D257,D256DKLC006,Пусто,0,0,0,0,0,1,1,0,0,0,0,1,1,1,0,0,2 366,0,2 366,2 366,0,2 366,369,0,369,0,0,-1,2 255,0,2 706,0,0,0,5,6,0,0,0,0,"1,18","LST,🏠FBS",⚪,⚪,⚪,⚪,⚪,⚪,⚪,⚪,🔴,🔴,0,0,0,0,0,0,0,0,0,0,0,0,0,0
133,2038954994609,DSS,Кольцо-печатка «Взгляд»,Кольца,19,Зол,Да,499,D375,D256DKLC006,Пусто,0,0,1,1,0,0,0,0,1,1,0,1,1,0,0,0,0,2 367,2 367,0,2 367,2 367,0,89,0,89,0,0,0,0,0,0,0,0,0,0,2 367,499,1,1,"1,04","SZ,LST,🏠FBS",⚪,⚪,⚪,⚪,⚪,⚪,⚪,⚪,🔴,🔴,0,0,0,0,0,0,0,0,0,0,0,0,0,0
134,2038954921872,DSS,Кольцо-печатка «Взгляд»,Кольца,16,Сер,Да,714,D256-S,D256DKLC006-S,188896507,0,0,1,1,1,1,1,0,0,0,1,1,1,0,0,0,4 344,0,4 344,4 344,0,4 344,875,0,875,0,-2,-1,4 998,0,4 284,0,0,0,7,6,714,714,1,"0,16","1,25","LST,🏠FBS",⚪,⚪,⚪,⚪,⚪,⚪,⚪,⚪,🔴,🔴,0,0,0,0,0,0,0,0,0,0,0,0,0,0
139,2042930397025,DSS,Кольцо-печатка «Глаз»,Кольца,17,Зол,Да,519,D504,D503,336295257,0,0,1,1,0,0,0,0,0,1,0,0,1,0,0,0,0,0,0,0,0,0,0,0,0,0,0,0,2 595,0,2 595,0,0,0,5,5,519,519,1,0,0,"LST,🏠FBS",⚪,⚪,⚪,⚪,⚪,🔴,⚪,🔴,🔴,🔴,0,0,0,0,0,0,0,0,0,0,0,0,0,0
174,2038046147432,DSS,Кольцо-печатка «Зеленый глаз»,Кольца,19,Зол,Да,416,D337,D006DKLC005,21487574,0,16,0,16,0,1,1,0,0,0,0,1,1,1,0,0,4 500,0,4 500,4 500,0,4 500,834,0,834,0,0,0,0,0,0,0,0,0,0,0,72 000,6 656,16,16,"1,23","SZ,LST,🏠FBS",⚪,⚪,⚪,⚪,⚪,⚪,⚪,⚪,🟡,🔴,12,2,0,1,0,0,0,0,0,0,0,0,0,0
179,2038954841842,DSS,Кольцо-печатка «Зеленый глаз»,Кольца,17,Сер,Да,670,D011-S,D006DKLC005-S,Пусто,0,0,0,0,1,1,1,0,0,0,1,1,1,1,0,100,4 643,0,4 643,4 643,0,4 643,636,0,636,0,-2,-1,4 690,0,4 020,0,0,0,7,6,0,0,0,0,"1,16","LST,🏠FBS",⚪,⚪,⚪,⚪,⚪,⚪,⚪,⚪,🔴,🔴,0,0,0,0,0,0,0,0,0,0,0,0,0,0
182,2039460050285,DSS,Кольцо-печатка «Зеленый глаз»,Кольца,18.5,Сер,Да,525,D458-S,D006DKLC005-S,188895445,0,5,0,5,0,1,1,0,0,0,0,1,1,1,0,0,4 643,0,4 643,4 643,0,4 643,781,0,781,0,0,0,0,0,0,0,0,0,0,0,23 215,2 625,5,5,"1,2","SZ,LST,🏠FBS",⚪,⚪,⚪,⚪,⚪,🔴,⚪,🔴,🟡,🔴,2,1,0,0,1,1,0,0,0,0,0,0,0,0
189,2013817737005,DSS,Кольцо-печатка «Карий глаз»,Кольца,16.5,Зол,Да,480,D261,D006DKLC003,Пусто,0,0,0,0,0,0,0,0,0,1,0,0,1,0,0,0,0,0,0,0,0,0,0,0,0,0,0,0,0,0,0,0,0,0,0,0,0,0,0,0,0,"SZ,LST,🏠FBS",⚪,⚪,⚪,⚪,⚪,⚪,⚪,⚪,🔴,🔴,0,0,0,0,0,0,0,0,0,0,0,0,0,0
194,2041100344746,DSS,Кольцо-печатка «Карий глаз»,Кольца,16,Сер,Да,525,D478-S,D006DKLC003-S,257633857,0,2,0,2,0,1,1,0,0,0,0,1,1,1,0,0,4 544,0,4 544,4 544,0,4 544,742,0,742,0,0,0,2 625,0,2 625,0,0,0,5,5,9 088,1 050,2,2,"1,2","LST,🏠FBS",⚪,⚪,⚪,⚪,⚪,⚪,⚪,⚪,🟡,🔴,2,0,0,0,0,0,0,0,0,0,0,0,0,0
196,2041100344760,DSS,Кольцо-печатка «Карий глаз»,Кольца,17,Сер,Да,670,D480-S,D006DKLC003-S,Пусто,1,0,0,1,0,1,1,0,0,0,0,1,1,0,0,0,4 544,0,4 544,4 544,0,4 544,597,0,597,0,1,0,0,0,0,0,0,0,0,0,4 544,670,1,1,"1,15","LST,🏠FBS",⚪,⚪,⚪,⚪,⚪,⚪,⚪,⚪,🔴,🔴,0,0,0,0,0,0,0,0,0,0,0,0,0,0
202,2042930436373,DSS,Кольцо-печатка «Пейзаж»,Кольца,17,Зол,Да,519,D498,D497,Пусто,0,0,0,0,0,0,1,0,0,0,0,0,1,0,0,0,0,0,0,0,0,0,0,0,0,0,0,0,2 595,0,2 595,0,0,0,5,5,0,0,0,0,0,"LST,🏠FBS",⚪,⚪,⚪,⚪,⚪,⚪,⚪,⚪,🔴,🔴,0,0,0,0,0,0,0,0,0,0,0,0,0,0
211,2038344160928,DSS,Кольцо-печатка «Северное возрождение»,Кольца,17,Зол,Да,451,D367,D256DKLC133,Пусто,0,0,0,0,0,1,1,0,0,0,0,1,1,1,0,0,2 250,0,2 250,2 250,0,2 250,324,0,324,0,0,-1,2 255,0,2 706,0,0,0,5,6,0,0,0,0,"1,17","LST,🏠FBS",⚪,⚪,⚪,⚪,⚪,⚪,⚪,⚪,🔴,🔴,0,0,0,0,0,0,0,0,0,0,0,0,0,0
214,2038955129338,DSS,Кольцо-печатка «Северное возрождение»,Кольца,19,Зол,Да,451,D385,D256DKLC133,Пусто,0,0,0,0,0,0,0,0,0,1,0,0,1,0,0,0,0,0,0,0,0,0,0,0,0,0,0,0,0,0,0,0,0,0,0,0,0,0,0,0,0,"SZ,LST,🏠FBS",⚪,⚪,⚪,⚪,⚪,⚪,⚪,⚪,🔴,🔴,0,0,0,0,0,0,0,0,0,0,0,0,0,0
230,2038959954035,DSS,Моносережка «Ласточка»,Серьги,—,Сер,Да,704,D158-S,D114DSMR032-S,Пусто,0,0,0,0,0,1,1,0,0,0,0,1,1,1,0,0,2 871,0,2 871,2 871,0,2 871,313,0,313,0,0,-1,0,0,0,0,0,0,💤,💤,0,0,0,0,"1,12","LST,🏠FBS,SLEEP",⚪,⚪,⚪,⚪,⚪,⚪,⚪,⚪,🔴,🔴,0,0,0,0,0,0,0,0,0,0,0,0,0,0
240,2036693184541,DSS,Сережки «Ава»,Серьги,—,Сер,Нет,255,D193,D193DSR044,91470699,3,5,2,10,0,0,0,0,1,1,0,1,1,0,1,0,0,1 367,1 367,0,1 367,1 367,0,12,0,12,3,3,0,0,0,0,0,0,0,0,4 774,2 550,10,"3,49","1,01","LST,🏠FBS",⚪,⚪,⚪,⚪,⚪,⚪,⚪,⚪,🟡,🟡,0,3,0,1,0,1,1,1,0,0,0,0,0,0
282,2037549199849,DSS,Сережки «Белая роза»,Серьги,—,Зол,Нет,60,D269,D216DSR097,149579134,11,0,0,11,1,1,1,0,0,0,1,1,1,0,0,0,1 579,0,1 579,1 579,0,1 579,454,0,454,0,9,10,0,0,0,0,0,0,0,0,17 369,660,11,11,"1,4","LST,🏠FBS",⚪,⚪,⚪,⚪,⚪,⚪,⚪,⚪,🔴,🔴,0,0,0,0,0,0,0,0,0,0,0,0,0,0
286,2043836167521,MSH,Сережки «Валерия»,Серьги,—,Зол,Нет,500,MSH-096,MSH-096,403343971,1,2,5,8,0,1,1,0,0,0,0,1,1,1,0,0,980,0,980,980,0,980,-219,0,-219,0,1,1,0,0,0,0,0,0,0,0,5 441,4 000,8,"5,55","0,82","LST,🏠FBS",⚪,⚪,⚪,⚪,⚪,⚪,⚪,⚪,🟡,🟡,0,2,0,0,0,0,3,2,0,0,0,0,0,0
292,2043834996925,DSS,Сережки «Весенние тюльпаны»,Серьги,—,Зол,Да,418,D519,D519,403253741,2,6,7,15,1,1,1,0,0,0,1,1,1,0,0,0,3 020,0,3 020,3 020,0,3 020,656,0,656,0,2,2,0,0,0,0,0,0,0,0,27 086,6 270,15,"8,97","1,28","LST,🏠FBS",⚪,⚪,⚪,⚪,⚪,⚪,⚪,⚪,🟢,🟡,2,1,2,1,0,0,2,2,0,0,0,1,1,0
299,2037712938558,DSS,Сережки «Винтаж»,Серьги,—,Зол,Да,444,D292,D215DSR111,Пусто,0,0,4,4,0,0,0,1,1,1,1,1,1,0,0,0,0,2 574,2 574,0,2 574,2 574,0,210,0,210,0,0,2 220,0,2 220,0,0,0,5,5,10 296,1 776,4,4,"1,09","LST,🏠FBS",⚪,⚪,⚪,⚪,⚪,⚪,🔴,🔴,🟡,🟡,0,0,0,0,0,0,1,1,1,0,0,0,1,0
301,2042109231600,MSH,Сережки «Вирджиния»,Серьги,—,Зол,Нет,398,MSH-077,MSH-077,295478626,0,7,0,7,0,1,1,0,0,0,0,1,1,0,0,0,1 475,0,1 475,1 475,0,1 475,76,0,76,0,0,0,0,2 786,0,2 786,0,0,7,7,10 325,2 786,7,7,"1,05","LST,🏠FBS",⚪,⚪,⚪,⚪,⚪,⚪,⚪,⚪,🔴,🟡,0,1,2,1,3,0,0,0,0,0,0,0,0,0
303,2039686916884,DSS,Сережки «Волшебные бабочки»,Серьги,—,Зол,Да,750,DSR477,DSR477,218420143,0,2,0,2,0,1,1,0,0,0,0,1,1,1,0,0,2 459,0,2 459,2 459,0,2 459,106,0,106,0,0,0,0,0,0,0,0,0,💤,💤,4 918,1 500,2,2,"1,05","LST,🏠FBS,SLEEP",⚪,⚪,⚪,⚪,⚪,⚪,⚪,⚪,🟡,🔴,1,0,1,0,0,0,0,0,0,0,0,0,0,0
331,2043835447679,DSS,Сережки «Его тайна»,Серьги,—,Зол,Да,886,D536,D536,Пусто,0,0,0,0,0,1,1,0,0,0,0,1,1,0,0,0,3 861,0,3 861,3 861,0,3 861,516,0,516,0,1,0,0,0,0,0,1,0,0,0,3 861,886,0,1,"1,15","LST,🏠FBS",⚪,⚪,⚪,⚪,⚪,⚪,⚪,⚪,🔴,🔴,0,0,0,0,0,0,0,0,0,0,0,0,0,0
335,2039566343526,DSS,Сережки «Жаклин»,Серьги,—,Зол,Да,659,D471,DSR471,212774190,0,0,0,0,1,1,1,0,0,0,1,1,1,0,0,0,2 796,0,2 796,2 796,0,2 796,328,0,328,0,-2,-1,4 613,0,3 954,0,0,0,7,6,0,0,0,0,"1,13","LST,🏠FBS",⚪,⚪,⚪,⚪,⚪,⚪,⚪,⚪,🔴,🔴,0,0,0,0,0,0,0,0,0,0,0,0,0,0
337,2042109235639,MSH,Сережки «Жанин»,Серьги,—,Бел,Нет,1350,MSH-078,MSH-078,295478627,0,8,5,13,1,1,1,0,0,0,1,1,1,0,0,0,3 339,0,3 339,3 339,0,3 339,-151,0,-151,0,0,0,0,0,0,0,0,0,0,0,33 462,17 550,13,"10,02","0,96","LST,🏠FBS",⚪,⚪,⚪,⚪,⚪,⚪,⚪,⚪,🟡,🟡,3,1,1,1,2,0,0,1,0,1,0,1,0,0
349,2039500932717,MSH,Сережки «Змея и месяц»,Серьги,—,Зол,Нет,197,MSHK-046,MSHK-046,209854796,2,5,1,8,0,1,1,0,0,0,0,1,1,1,0,0,1 277,0,1 277,1 277,0,1 277,200,0,200,0,2,2,0,0,0,0,0,0,0,0,9 136,1 576,8,"7,15","1,19","LST,🏠FBS",⚪,⚪,⚪,⚪,⚪,⚪,⚪,⚪,🟡,🟡,1,1,2,1,0,0,0,0,0,0,0,0,0,0
355,2043835030550,DSS,Сережки «Золотая слеза»,Серьги,—,Зол,Да,507,D530,D530,Пусто,9,0,0,9,0,0,0,0,1,1,0,1,1,0,1,0,0,7 590,7 590,0,7 590,7 590,0,957,0,957,9,8,0,0,0,0,0,0,0,0,4 563,4 563,9,"0,6","1,14","LST,🏠FBS",⚪,⚪,⚪,⚪,⚪,⚪,⚪,⚪,🔴,🔴,0,0,0,0,0,0,0,0,0,0,0,0,0,0
359,2037629444463,DSS,Сережки «Индейцы»,Серьги,—,Зол,Да,522,D289,D289DSR108,Пусто,0,0,0,0,0,0,0,0,1,1,0,1,1,0,1,0,0,2 358,2 358,0,2 358,2 358,0,63,0,63,0,-1,2 610,0,3 132,0,0,0,5,6,0,0,0,0,"1,03","LST,⚡️FBO",⚪,⚪,⚪,⚪,⚪,⚪,⚪,⚪,🔴,🔴,0,0,0,0,0,0,0,0,0,0,0,0,0,0
361,2042109023533,MSH,Сережки «Инес»,Серьги,—,Зол,Нет,405,MSH-064,MSH-064,295472761,4,2,0,6,0,0,0,0,1,1,0,1,1,0,1,0,0,1 559,1 559,0,1 559,1 559,0,-77,0,-77,4,3,0,0,0,0,0,0,0,0,2 430,2 430,6,"1,56","0,95","LST,🏠FBS",⚪,⚪,⚪,⚪,⚪,⚪,⚪,⚪,🟡,🔴,1,0,0,0,1,0,0,0,0,0,0,0,0,0
365,2039500932762,MSH,Сережки «Исида»,Серьги,—,Зол,Нет,302,MSHK-051,MSHK-051,209854801,5,1,2,8,0,0,0,1,1,1,1,1,1,0,1,100,0,1 575,1 575,0,1 575,1 575,0,32,0,32,5,5,0,0,0,0,0,0,0,0,4 962,2 416,8,"3,15","1,02","LST,🏠FBS",⚪,⚪,⚪,⚪,⚪,⚪,⚪,⚪,🟢,🔴,1,0,0,0,0,0,1,0,0,0,0,0,0,0
390,2013733474008,DSS,Сережки «Кузнечики»,Серьги,—,Зол,Да,635,D115,D115YSR009,48447923,0,1,1,2,0,1,1,0,0,0,0,1,1,1,0,0,2 772,0,2 772,2 772,0,2 772,343,0,343,0,0,0,0,0,0,0,0,0,0,0,3 407,1 270,2,"1,23","1,14","LST,🏠FBS",⚪,⚪,⚪,⚪,⚪,⚪,⚪,🔴,🟢,🔴,1,0,0,0,0,0,1,0,0,0,0,0,0,0
413,2042108996845,MSH,Сережки «Лина»,Серьги,—,Зол,Нет,315,MSH-063,MSH-063,Пусто,0,0,1,1,0,0,0,0,1,1,0,1,1,0,0,0,0,1 782,1 782,0,1 782,1 782,0,85,0,85,0,0,0,2 205,0,2 205,0,0,7,7,1 782,315,1,1,"1,05","LST,⚡️FBO",⚪,⚪,⚪,⚪,⚪,⚪,⚪,⚪,🔴,🔴,0,0,0,0,0,0,0,0,0,0,0,0,0,0
421,2038819575806,MSH,Сережки «Лучиана»,Серьги,—,Зол,Нет,199,MSH-013,MSH-013,183317050,0,13,5,18,0,1,1,0,0,0,0,1,1,0,0,0,980,0,980,980,0,980,82,0,82,0,0,0,0,0,0,0,0,0,0,0,13 735,3 582,18,"14,02","1,09","LST,⚡️FBO",⚪,⚪,⚪,⚪,⚪,⚪,⚪,⚪,🟢,🟡,7,4,0,0,2,0,1,1,0,0,0,1,0,1
424,2043835728822,DSS,Сережки «Лючия»,Серьги,—,Сер,Нет,315,D541,D541,403305347,0,0,1,1,1,1,1,0,0,0,1,1,1,0,0,0,1 746,0,1 746,1 746,0,1 746,264,0,264,0,-2,-1,0,3 150,0,2 520,0,0,10,8,315,315,1,"0,18","1,18","LST,🏠FBS",⚪,⚪,⚪,⚪,⚪,⚪,⚪,⚪,🔴,🔴,0,0,0,0,0,0,0,0,0,1,0,0,0,0
456,2043835003967,DSS,Сережки «Ночное небо»,Серьги,—,Зол,Да,386,D520,D520,403253743,2,8,2,12,0,0,0,0,0,1,0,0,1,0,0,0,0,0,0,0,0,0,0,0,0,0,2,2,0,0,0,0,0,0,0,0,4 632,4 632,12,0,0,"LST,🏠FBS",⚪,⚪,⚪,⚪,⚪,⚪,⚪,⚪,🟢,🟡,3,2,2,0,1,0,1,0,0,0,0,0,0,0
458,2043835368462,DSS,Сережки «Облака»,Серьги,—,Зол,Да,1172,D532,D532,403282987,-1,1,0,0,0,0,1,0,0,0,0,0,1,0,0,0,0,0,0,0,0,0,0,0,0,0,-1,-1,1 172,0,1 172,0,0,0,1,1,0,0,0,0,0,"LST,🏠FBS",⚪,⚪,⚪,⚪,⚪,⚪,⚪,⚪,🟡,🔴,1,0,0,0,0,0,0,0,0,0,0,0,0,0
462,2037774221834,DSS,Сережки «Пауки»,Серьги,—,Зол,Да,366,D303,D301DSR117,Пусто,0,0,0,0,0,0,1,0,0,0,0,0,1,0,0,0,0,0,0,0,0,0,0,0,0,0,0,0,1 830,0,1 830,0,0,0,5,5,0,0,0,0,0,"LST,🏠FBS",⚪,⚪,⚪,⚪,⚪,⚪,⚪,⚪,🔴,🔴,0,0,0,0,0,0,0,0,0,0,0,0,0,0
464,2031940790629,DSS,Сережки «Пёрышки»,Серьги,—,Зол,Да,342,D177,D115DSR036,Пусто,0,0,0,0,0,0,1,0,0,0,0,0,1,0,0,0,0,0,0,0,0,0,0,0,0,0,0,0,1 710,0,1 710,0,0,0,5,5,0,0,0,0,0,"LST,🏠FBS",⚪,⚪,⚪,⚪,⚪,⚪,⚪,⚪,🔴,🔴,0,0,0,0,0,0,0,0,0,0,0,0,0,0
522,2042109239392,MSH,Сережки «Сюзанна»,Серьги,—,Сер,Нет,600,MSH-079,MSH-079,295478628,1,1,0,2,0,0,0,0,1,1,0,1,1,0,0,0,0,2 358,2 358,0,2 358,2 358,0,-15,0,-15,1,0,0,0,0,0,0,0,💤,💤,1 200,1 200,2,"0,51","0,99","LST,🏠FBS,SLEEP",⚪,⚪,⚪,⚪,⚪,⚪,⚪,⚪,🟡,🔴,1,0,0,0,0,0,0,0,0,0,0,0,0,0
524,2043835386893,DSS,Сережки «Тайна Вермеера»,Серьги,—,Зол,Да,1172,D533,D533,403282988,4,1,0,5,0,0,1,0,0,0,0,0,1,0,0,0,0,0,0,0,0,0,0,0,0,0,4,4,0,0,0,0,0,0,0,0,5 860,5 860,5,0,0,"LST,🏠FBS",⚪,⚪,⚪,⚪,⚪,⚪,⚪,⚪,🔴,🔴,0,1,0,0,0,0,0,0,0,0,0,0,0,0
530,2036726429052,DSS,Сережки «Фараон»,Серьги,—,Зол,Да,"439,2",D202,D202DSR052,Пусто,11,0,1,12,0,0,1,0,0,0,0,0,1,0,0,0,0,0,0,0,0,0,0,0,0,0,11,11,0,0,0,0,0,0,0,0,5 270,5 270,12,0,0,"LST,🏠FBS",⚪,⚪,⚪,⚪,⚪,⚪,⚪,⚪,🔴,🔴,0,0,0,0,0,0,0,0,0,0,0,0,0,0
534,2039500932670,MSH,Сережки «Франсис»,Серьги,—,Зол,Нет,132,MSHK-038,MSHK-038,209854791,1,8,1,10,1,1,1,0,0,0,1,1,1,0,0,0,1 249,0,1 249,1 249,0,1 249,254,0,254,0,1,1,0,0,0,0,0,0,0,0,11 373,1 320,10,"9,11","1,25","LST,🏠FBS",⚪,⚪,⚪,⚪,⚪,🔴,⚪,🔴,🟢,🟡,2,1,2,1,2,0,1,0,0,0,0,0,0,0
541,2038959947297,DSS,Сережки «Цветы»,Серьги,—,Сер,Да,1782,D235-S,D115DSR123-S,Пусто,0,0,0,0,0,1,1,0,0,0,0,1,1,1,0,0,4 505,0,4 505,4 505,0,4 505,-130,0,-130,0,0,-1,8 910,0,10 692,0,0,0,5,6,0,0,0,0,"0,97","LST,🏠FBS",⚪,⚪,⚪,⚪,⚪,⚪,⚪,⚪,🔴,🔴,0,0,0,0,0,0,0,0,0,0,0,0,0,0
546,2039500932823,MSH,Сережки «Черная луна»,Серьги,—,Сер,Нет,253,MSHK-057,MSHK-057,209854807,0,9,1,10,0,0,1,0,0,0,0,0,1,0,0,0,0,0,0,0,0,0,0,0,0,0,0,0,0,0,0,0,0,0,0,0,2 530,2 530,10,0,0,"LST,🏠FBS",⚪,⚪,⚪,⚪,⚪,⚪,⚪,⚪,🟡,🟡,0,3,2,2,2,0,1,0,0,0,0,0,0,0
553,2042109176291,MSH,Сережки «Эстелла»,Серьги,—,Зол,Нет,210,MSH-074,MSH-074,295472771,1,7,9,17,0,1,1,0,0,0,0,1,1,1,0,0,1 475,0,1 475,1 475,0,1 475,264,0,264,0,1,1,0,0,0,0,0,0,0,0,13 690,3 570,17,"9,28","1,22","LST,⚡️FBO",⚪,⚪,⚪,⚪,⚪,⚪,⚪,⚪,🟢,🟡,3,2,2,0,0,0,7,0,0,0,0,1,1,0
560,2013733532005,DSS,Сережки ассиметричные «Змеи»,Серьги,—,Зол,Да,428,D117,D115YSR011,Пусто,0,0,4,4,0,0,1,0,0,0,0,0,1,0,0,0,0,0,0,0,0,0,0,0,0,0,0,0,2 140,0,2 140,0,0,0,5,5,1 712,1 712,4,0,0,"LST,⚡️FBO",⚪,⚪,⚪,⚪,⚪,⚪,⚪,⚪,🟡,🔴,0,0,0,0,0,0,1,1,0,0,2,0,0,0
561,2042139353945,DSS,Сережки ассиметричные «Змеи»,Серьги,—,Сер,Да,428,D507-S,D507-S,297261543,0,3,3,6,0,0,1,0,0,0,0,0,1,1,0,0,0,0,0,0,0,0,0,0,0,0,0,0,0,0,0,0,0,0,💤,💤,2 568,2 568,6,0,0,"LST,🏠FBS,SLEEP",⚪,⚪,⚪,⚪,⚪,⚪,⚪,⚪,🟡,🔴,0,2,0,0,1,0,1,0,0,0,0,0,0,1
563,2037774221230,DSS,Сережки ассиметричные «Клешня»,Серьги,—,Зол,Да,535,D301,D301DSR115,Пусто,0,0,0,0,0,0,1,0,0,0,0,0,1,0,0,0,0,0,0,0,0,0,0,0,0,0,0,0,2 675,0,2 675,0,0,0,5,5,0,0,0,0,0,"LST,🏠FBS",⚪,⚪,⚪,⚪,⚪,⚪,⚪,⚪,🔴,🔴,0,0,0,0,0,0,0,0,0,0,0,0,0,0
6,2037853422695,DSS,Браслет «Листья»,Браслет,15,Зол,Да,516,D300,D220DR011,Пусто,0,0,0,0,0,0,0,0,0,0,0,0,0,0,0,0,0,0,0,0,0,0,0,0,0,0,0,0,2 580,0,2 580,0,0,0,5,5,0,0,0,0,0,"LST,🏠FBS",⚪,⚪,⚪,⚪,⚪,⚪,⚪,⚪,🔴,🔴,0,0,0,0,0,0,0,0,0,0,0,0,0,0
8,2039500963148,MSH,Браслет «Сальма»,Браслет,14-20,Зол,Нет,302,MSHK-043,MSHK-043,209855977,3,18,2,23,0,0,0,0,0,0,0,0,0,0,0,0,0,0,0,0,0,0,0,0,0,0,3,3,0,0,0,0,0,0,💤,💤,6 946,6 946,23,0,0,"LST,🏠FBS,SLEEP",⚪,⚪,⚪,⚪,⚪,⚪,⚪,⚪,🟡,🟡,15,3,0,0,0,0,0,2,0,0,0,0,0,0
10,2029020044625,DSS,Брошь «Цветок»,Броши,—,Зол,Да,400,D171,D171DB001,Пусто,0,0,0,0,0,0,0,0,0,0,0,0,0,0,0,0,0,0,0,0,0,0,0,0,0,0,0,0,2 000,0,2 000,0,0,0,5,5,0,0,0,0,0,"LST,🏠FBS",⚪,⚪,⚪,⚪,⚪,⚪,⚪,⚪,🔴,🔴,0,0,0,0,0,0,0,0,0,0,0,0,0,0
23,2043836227690,MSH,Колье «Любовные истории»,Колье,37-42,Сер,Нет,365,MSH-098,MSH-098,Пусто,0,0,0,0,0,0,0,0,0,0,0,0,0,0,0,0,0,0,0,0,0,0,0,0,0,0,0,0,0,2 555,0,2 555,0,0,7,7,0,0,0,0,0,"LST,🏠FBS",⚪,⚪,⚪,⚪,⚪,⚪,⚪,⚪,🔴,🔴,0,0,0,0,0,0,0,0,0,0,0,0,0,0
29,2037853313054,DSS,Колье «Синди»,Колье,41,Зол,Нет,170,D309,D184DKLE011,161488120,0,3,0,3,0,0,0,0,0,0,0,0,0,0,0,0,0,0,0,0,0,0,0,0,0,0,0,0,0,1 190,0,1 190,0,0,7,7,510,510,3,0,0,"LST,🏠FBS",⚪,⚪,⚪,⚪,⚪,⚪,⚪,⚪,🟡,🔴,1,1,0,0,1,0,0,0,0,0,0,0,0,0
51,2039777982255,MSH,Кольцо «Дебора»,Кольца,17,Зол,Нет,329,MSHK-060,MSHK-042,Пусто,0,0,0,0,0,0,0,0,0,0,0,0,0,0,0,0,0,0,0,0,0,0,0,0,0,0,0,0,0,2 303,0,2 303,0,0,7,7,0,0,0,0,0,"LST,🏠FBS",⚪,⚪,⚪,⚪,⚪,⚪,⚪,⚪,🔴,🔴,0,0,0,0,0,0,0,0,0,0,0,0,0,0
52,2039777363351,MSH,Кольцо «Дебора»,Кольца,18,Зол,Нет,329,MSHK-061,MSHK-042,Пусто,0,0,0,0,0,0,0,0,0,0,0,0,0,0,0,0,0,0,0,0,0,0,0,0,0,0,0,0,0,2 303,0,2 303,0,0,7,7,0,0,0,0,0,"LST,🏠FBS",⚪,⚪,⚪,⚪,⚪,⚪,⚪,⚪,🔴,🔴,0,0,0,0,0,0,0,0,0,0,0,0,0,0
55,2039460062264,DSS,Кольцо «Джейн»,Кольца,16.5,Зол,Да,159,D391,D155DKLC125,Пусто,0,0,0,0,0,0,0,0,0,0,0,0,0,0,0,0,0,0,0,0,0,0,0,0,0,0,0,0,0,0,0,0,0,0,0,0,0,0,0,0,0,"SZ,LST,🏠FBS",⚪,⚪,⚪,⚪,⚪,⚪,⚪,⚪,🔴,🔴,0,0,0,0,0,0,0,0,0,0,0,0,0,0
56,2037774363411,DSS,Кольцо «Джейн»,Кольца,17,Зол,Да,159,D313,D155DKLC125,Пусто,0,0,0,0,0,0,0,0,0,0,0,0,0,0,0,0,0,0,0,0,0,0,0,0,0,0,0,0,795,0,795,0,0,0,5,5,0,0,0,0,0,"LST,🏠FBS",⚪,⚪,⚪,⚪,⚪,⚪,⚪,⚪,🔴,🔴,0,0,0,0,0,0,0,0,0,0,0,0,0,0
57,2039460062271,DSS,Кольцо «Джейн»,Кольца,17.5,Зол,Да,122,D392,D155DKLC125,Пусто,0,0,0,0,0,0,0,0,0,0,0,0,0,0,0,0,0,0,0,0,0,0,0,0,0,0,0,0,0,0,0,0,0,0,0,0,0,0,0,0,0,"SZ,LST,🏠FBS",⚪,⚪,⚪,⚪,⚪,⚪,⚪,⚪,🔴,🔴,0,0,0,0,0,0,0,0,0,0,0,0,0,0
58,2037774363428,DSS,Кольцо «Джейн»,Кольца,18,Зол,Да,122,D314,D155DKLC125,163679510,0,3,0,3,0,0,0,0,0,0,0,0,0,0,0,0,0,0,0,0,0,0,0,0,0,0,0,0,610,0,610,0,0,0,5,5,366,366,3,0,0,"LST,🏠FBS",⚪,⚪,⚪,⚪,⚪,⚪,⚪,⚪,🟡,🔴,1,0,1,1,0,0,0,0,0,0,0,0,0,0
60,2039460092452,DSS,Кольцо «Джейн»,Кольца,16,Сер,Да,284,D400-S,D155DKLC125-S,207878533,0,2,0,2,0,0,0,0,0,0,0,0,0,0,0,0,0,0,0,0,0,0,0,0,0,0,0,0,1 420,0,1 420,0,0,0,5,5,568,568,2,0,0,"LST,🏠FBS",⚪,⚪,⚪,⚪,⚪,⚪,⚪,⚪,🟡,🔴,1,0,0,0,1,0,0,0,0,0,0,0,0,0
62,2039460092490,DSS,Кольцо «Джейн»,Кольца,18,Сер,Да,284,D404-S,D155DKLC125-S,Пусто,0,0,0,0,0,0,0,0,0,0,0,0,0,0,0,0,0,0,0,0,0,0,0,0,0,0,0,0,1 420,0,1 420,0,0,0,5,5,0,0,0,0,0,"LST,🏠FBS",⚪,⚪,⚪,⚪,⚪,⚪,⚪,⚪,🔴,🔴,0,0,0,0,0,0,0,0,0,0,0,0,0,0
65,2039565778787,DSS,Кольцо «Дракон удачи»,Кольца,17,Зол,Да,152,D411,DKLC410,Пусто,0,0,0,0,0,0,0,0,0,0,0,0,0,0,0,0,0,0,0,0,0,0,0,0,0,0,0,0,760,0,760,0,0,0,5,5,0,0,0,0,0,"LST,🏠FBS",⚪,⚪,⚪,⚪,⚪,⚪,⚪,⚪,🔴,🔴,0,0,0,0,0,0,0,0,0,0,0,0,0,0
66,2039565778794,DSS,Кольцо «Дракон удачи»,Кольца,18,Зол,Да,152,D412,DKLC410,Пусто,0,0,0,0,0,0,0,0,0,0,0,0,0,0,0,0,0,0,0,0,0,0,0,0,0,0,0,0,760,0,760,0,0,0,5,5,0,0,0,0,0,"LST,🏠FBS",⚪,⚪,⚪,⚪,⚪,⚪,⚪,⚪,🔴,🔴,0,0,0,0,0,0,0,0,0,0,0,0,0,0
68,2037774364388,DSS,Кольцо «Жук-носорог»,Кольца,16,Зол,Да,234,D318,D155DKLC127,Пусто,0,0,1,1,0,0,0,0,0,0,0,0,0,0,0,0,0,0,0,0,0,0,0,0,0,0,0,0,1 170,0,1 170,0,0,0,5,5,234,234,1,0,0,"LST,🏠FBS",⚪,⚪,⚪,⚪,⚪,⚪,⚪,⚪,🔴,🔴,0,0,0,0,0,0,0,0,0,0,0,0,0,0
69,2037774364395,DSS,Кольцо «Жук-носорог»,Кольца,17,Зол,Да,234,D319,D155DKLC127,Пусто,0,0,0,0,0,0,0,0,0,0,0,0,0,0,0,0,0,0,0,0,0,0,0,0,0,0,0,0,1 170,0,1 170,0,0,0,5,5,0,0,0,0,0,"LST,🏠FBS",⚪,⚪,⚪,⚪,⚪,⚪,⚪,⚪,🔴,🔴,0,0,0,0,0,0,0,0,0,0,0,0,0,0
70,2037774364401,DSS,Кольцо «Жук-носорог»,Кольца,18,Зол,Да,184,D320,D155DKLC127,Пусто,0,0,0,0,0,0,0,0,0,0,0,0,0,0,0,0,0,0,0,0,0,0,0,0,0,0,0,0,920,0,920,0,0,0,5,5,0,0,0,0,0,"LST,🏠FBS",⚪,⚪,⚪,⚪,⚪,⚪,⚪,⚪,🔴,🔴,0,0,0,0,0,0,0,0,0,0,0,0,0,0
71,2041100634267,DSS,Кольцо «Жук-носорог»,Кольца,16,Сер,Да,519,D488,D155DKLC127-S,Пусто,0,0,0,0,0,0,0,0,0,0,0,0,0,0,0,0,0,0,0,0,0,0,0,0,0,0,0,0,2 595,0,2 595,0,0,0,5,5,0,0,0,0,0,"LST,🏠FBS",⚪,⚪,⚪,⚪,⚪,⚪,⚪,⚪,🔴,🔴,0,0,0,0,0,0,0,0,0,0,0,0,0,0
72,2041100634250,DSS,Кольцо «Жук-носорог»,Кольца,17,Сер,Да,519,D489,D155DKLC127-S,Пусто,0,0,0,0,0,0,0,0,0,0,0,0,0,0,0,0,0,0,0,0,0,0,0,0,0,0,0,0,2 595,0,2 595,0,0,0,5,5,0,0,0,0,0,"LST,🏠FBS",⚪,⚪,⚪,⚪,⚪,⚪,⚪,⚪,🔴,🔴,0,0,0,0,0,0,0,0,0,0,0,0,0,0
75,2036884744127,DSS,Кольцо «Змея»,Кольца,16,Зол,Да,175,D221,D155DKLC122,Пусто,0,0,0,0,0,0,0,0,0,0,0,0,0,0,0,0,0,0,0,0,0,0,0,0,0,0,0,0,875,0,875,0,0,0,5,5,0,0,0,0,0,"LST,🏠FBS",⚪,⚪,⚪,⚪,⚪,⚪,⚪,⚪,🔴,🔴,0,0,0,0,0,0,0,0,0,0,0,0,0,0
77,2036884744141,DSS,Кольцо «Змея»,Кольца,18,Зол,Да,175,D223,D155DKLC122,Пусто,0,0,0,0,0,0,0,0,0,0,0,0,0,0,0,0,0,0,0,0,0,0,0,0,0,0,0,0,875,0,875,0,0,0,5,5,0,0,0,0,0,"LST,🏠FBS",⚪,⚪,⚪,⚪,⚪,⚪,⚪,⚪,🔴,🔴,0,0,0,0,0,0,0,0,0,0,0,0,0,0
80,2043835537820,DSS,Кольцо «Ирис»,Кольца,17,Зол,Да,291,D528,D527,Пусто,0,0,6,6,0,0,0,0,0,0,0,0,0,0,0,0,0,0,0,0,0,0,0,0,0,0,0,0,1 455,0,1 455,0,0,0,5,5,1 746,1 746,6,0,0,"LST,🏠FBS",⚪,⚪,⚪,⚪,⚪,⚪,⚪,⚪,🟡,🔴,0,0,0,0,0,0,5,0,0,0,0,0,0,0
84,2019544256017,DSS,Кольцо «Когти»,Кольца,17,Зол,Да,156,D156,D155DKLC121,Пусто,0,0,0,0,0,0,0,0,0,0,0,0,0,0,0,0,0,0,0,0,0,0,0,0,0,0,0,0,780,0,780,0,0,0,5,5,0,0,0,0,0,"LST,🏠FBS",⚪,⚪,⚪,⚪,⚪,⚪,⚪,⚪,🔴,🔴,0,0,0,0,0,0,0,0,0,0,0,0,0,0
85,2019544256024,DSS,Кольцо «Когти»,Кольца,18,Зол,Да,156,D157,D155DKLC121,Пусто,0,0,1,1,0,0,0,0,0,0,0,0,0,0,0,0,0,0,0,0,0,0,0,0,0,0,0,0,780,0,780,0,0,0,5,5,156,156,1,0,0,"LST,🏠FBS",⚪,⚪,⚪,⚪,⚪,⚪,⚪,⚪,🔴,🔴,0,0,0,0,0,0,0,0,0,0,0,0,0,0
87,2039565778800,DSS,Кольцо «Ласточка»,Кольца,16,Зол,Да,157,D413,DKLC413,212753612,1,0,1,2,0,0,0,0,0,0,0,0,0,0,0,0,0,0,0,0,0,0,0,0,0,0,1,1,0,0,0,0,0,0,0,0,314,314,2,0,0,"LST,🏠FBS",⚪,⚪,⚪,⚪,⚪,⚪,⚪,⚪,🟡,🔴,0,0,0,0,0,0,1,0,0,0,0,0,0,0
91,2037774365613,DSS,Кольцо «Лист»,Кольца,16,Зол,Да,145,D324,D155DKLC129,Пусто,0,0,0,0,0,0,0,0,0,0,0,0,0,0,0,0,0,0,0,0,0,0,0,0,0,0,0,0,725,0,725,0,0,0,5,5,0,0,0,0,0,"LST,🏠FBS",⚪,⚪,⚪,⚪,⚪,⚪,⚪,⚪,🔴,🔴,0,0,0,0,0,0,0,0,0,0,0,0,0,0
92,2037774365620,DSS,Кольцо «Лист»,Кольца,17,Зол,Да,145,D325,D155DKLC129,Пусто,0,0,0,0,0,0,0,0,0,0,0,0,0,0,0,0,0,0,0,0,0,0,0,0,0,0,0,0,725,0,725,0,0,0,5,5,0,0,0,0,0,"LST,🏠FBS",⚪,⚪,⚪,⚪,⚪,⚪,⚪,⚪,🔴,🔴,0,0,0,0,0,0,0,0,0,0,0,0,0,0
93,2037774365606,DSS,Кольцо «Лист»,Кольца,18,Зол,Да,145,D326,D155DKLC129,Пусто,0,0,0,0,0,0,0,0,0,0,0,0,0,0,0,0,0,0,0,0,0,0,0,0,0,0,0,0,725,0,725,0,0,0,5,5,0,0,0,0,0,"LST,🏠FBS",⚪,⚪,⚪,⚪,⚪,⚪,⚪,⚪,🔴,🔴,0,0,0,0,0,0,0,0,0,0,0,0,0,0
96,2037549489803,DSS,Кольцо «Ника»,Кольца,17,Сер,Нет,200,D331,D262DKLC007,Пусто,0,0,0,0,0,0,0,0,0,0,0,0,0,0,0,0,0,0,0,0,0,0,0,0,0,0,0,0,0,1 400,0,1 400,0,0,7,7,0,0,0,0,0,"LST,🏠FBS",⚪,⚪,⚪,⚪,⚪,⚪,⚪,⚪,🔴,🔴,0,0,0,0,0,0,0,0,0,0,0,0,0,0
97,2037549490205,DSS,Кольцо «Ника»,Кольца,18,Сер,Нет,200,D332,D262DKLC007,Пусто,0,0,0,0,0,0,0,0,0,0,0,0,0,0,0,0,0,0,0,0,0,0,0,0,0,0,0,0,0,1 400,0,1 400,0,0,7,7,0,0,0,0,0,"LST,🏠FBS",⚪,⚪,⚪,⚪,⚪,⚪,⚪,⚪,🔴,🔴,0,0,0,0,0,0,0,0,0,0,0,0,0,0
99,2043835516641,DSS,Кольцо «Портрет девушки»,Кольца,16,Зол,Да,486,D524,D524,Пусто,0,0,0,0,0,0,0,0,0,0,0,0,0,0,0,0,0,0,0,0,0,0,0,0,0,0,0,0,2 430,0,2 430,0,0,0,5,5,0,0,0,0,0,"LST,🏠FBS",⚪,⚪,⚪,⚪,⚪,⚪,⚪,⚪,🔴,🔴,0,0,0,0,0,0,0,0,0,0,0,0,0,0
100,2043835516658,DSS,Кольцо «Портрет девушки»,Кольца,17,Зол,Да,486,D525,D524,Пусто,0,0,0,0,0,0,0,0,0,0,0,0,0,0,0,0,0,0,0,0,0,0,0,0,0,0,0,0,2 430,0,2 430,0,0,0,5,5,0,0,0,0,0,"LST,🏠FBS",⚪,⚪,⚪,⚪,⚪,⚪,⚪,⚪,🔴,🔴,0,0,0,0,0,0,0,0,0,0,0,0,0,0
101,2043835516665,DSS,Кольцо «Портрет девушки»,Кольца,18,Зол,Да,486,D526,D524,Пусто,0,0,0,0,0,0,0,0,0,0,0,0,0,0,0,0,0,0,0,0,0,0,0,0,0,0,0,0,2 430,0,2 430,0,0,0,5,5,0,0,0,0,0,"LST,🏠FBS",⚪,⚪,⚪,⚪,⚪,⚪,⚪,⚪,🔴,🔴,0,0,0,0,0,0,0,0,0,0,0,0,0,0
103,2042930554909,DSS,Кольцо «Роза»,Кольца,16,Зол,Да,225,D494,D494,336299967,6,6,1,13,0,0,0,0,0,0,0,0,0,0,0,0,0,0,0,0,0,0,0,0,0,0,6,6,0,0,0,0,0,0,0,0,2 925,2 925,13,0,0,"LST,🏠FBS",⚪,⚪,⚪,⚪,⚪,⚪,⚪,⚪,🟡,🟡,2,2,2,0,0,0,0,1,0,0,0,0,0,0
104,2042930554916,DSS,Кольцо «Роза»,Кольца,17,Зол,Да,225,D495,D494,336299967,7,1,6,14,0,0,0,0,0,0,0,0,0,0,0,0,0,0,0,0,0,0,0,0,0,0,7,7,0,0,0,0,0,0,0,0,3 150,3 150,14,0,0,"LST,🏠FBS",⚪,⚪,⚪,⚪,⚪,⚪,⚪,⚪,🟢,🔴,1,0,0,0,0,0,3,3,0,0,0,0,0,0
110,2036884811935,DSS,Кольцо «Эллисон»,Кольца,18,Зол,Нет,365,D229,D155DKLC124,Пусто,0,0,0,0,0,0,0,0,0,0,0,0,0,0,0,0,0,0,0,0,0,0,0,0,0,0,0,0,0,2 555,0,2 555,0,0,7,7,0,0,0,0,0,"LST,🏠FBS",⚪,⚪,⚪,⚪,⚪,⚪,⚪,⚪,🔴,🔴,0,0,0,0,0,0,0,0,0,0,0,0,0,0
112,2039500954870,MSH,Кольцо «Эльса»,Кольца,16,Зол,Нет,302,MSHK-041,MSHK-041,Пусто,0,0,0,0,0,0,0,0,0,0,0,0,0,0,0,0,0,0,0,0,0,0,0,0,0,0,0,0,0,0,0,0,0,0,💤,💤,0,0,0,0,0,"LST,🏠FBS,SLEEP",⚪,⚪,⚪,⚪,⚪,⚪,⚪,⚪,🔴,🔴,0,0,0,0,0,0,0,0,0,0,0,0,0,0
116,2039565948593,DSS,Кольцо-печатка «Love»,Кольца,16,Зол,Да,451,D431,DKLC431,Пусто,0,0,0,0,0,0,0,0,0,0,0,0,0,0,0,0,0,0,0,0,0,0,0,0,0,0,0,0,2 255,0,2 255,0,0,0,5,5,0,0,0,0,0,"LST,🏠FBS",⚪,⚪,⚪,⚪,⚪,⚪,⚪,⚪,🔴,🔴,0,0,0,0,0,0,0,0,0,0,0,0,0,0
117,2039565948609,DSS,Кольцо-печатка «Love»,Кольца,17,Зол,Да,519,D432,DKLC431,Пусто,0,0,0,0,0,0,0,0,0,0,0,0,0,0,0,0,0,0,0,0,0,0,0,0,0,0,0,0,2 595,0,2 595,0,0,0,5,5,0,0,0,0,0,"LST,🏠FBS",⚪,⚪,⚪,⚪,⚪,⚪,⚪,⚪,🔴,🔴,0,0,0,0,0,0,0,0,0,0,0,0,0,0
120,2039565948531,DSS,Кольцо-печатка «Бабочка»,Кольца,16,Зол,Да,451,D425,DKLC425,Пусто,0,0,1,1,0,0,0,0,0,0,0,0,0,0,0,0,0,0,0,0,0,0,0,0,0,0,0,0,2 255,0,2 255,0,0,0,5,5,451,451,1,0,0,"LST,🏠FBS",⚪,⚪,⚪,⚪,⚪,⚪,⚪,⚪,🔴,🔴,0,0,0,0,0,0,0,0,0,0,0,0,0,0
121,2039565948548,DSS,Кольцо-печатка «Бабочка»,Кольца,17,Зол,Да,451,D426,DKLC425,Пусто,0,0,0,0,0,0,0,0,0,0,0,0,0,0,0,0,0,0,0,0,0,0,0,0,0,0,0,0,2 255,0,2 255,0,0,0,5,5,0,0,0,0,0,"LST,🏠FBS",⚪,⚪,⚪,⚪,⚪,⚪,⚪,⚪,🔴,🔴,0,0,0,0,0,0,0,0,0,0,0,0,0,0
125,2038193876179,DSS,Кольцо-печатка «Взгляд мужчины»,Кольца,17,Зол,Да,451,D348,D256DKLC131,Пусто,0,0,0,0,0,0,0,0,0,0,0,0,0,0,0,0,0,0,0,0,0,0,0,0,0,0,0,0,2 255,0,2 255,0,0,0,5,5,0,0,0,0,0,"LST,🏠FBS",⚪,⚪,⚪,⚪,⚪,⚪,⚪,⚪,🔴,🔴,0,0,0,0,0,0,0,0,0,0,0,0,0,0
126,2038193876186,DSS,Кольцо-печатка «Взгляд мужчины»,Кольца,18,Зол,Да,451,D349,D256DKLC131,Пусто,0,0,0,0,0,0,0,0,0,0,0,0,0,0,0,0,0,0,0,0,0,0,0,0,0,0,0,0,2 255,0,2 255,0,0,0,5,5,0,0,0,0,0,"LST,🏠FBS",⚪,⚪,⚪,⚪,⚪,⚪,⚪,⚪,🔴,🔴,0,0,0,0,0,0,0,0,0,0,0,0,0,0
128,2037360770753,DSS,Кольцо-печатка «Взгляд»,Кольца,16,Зол,Да,451,D256,D256DKLC006,Пусто,0,0,0,0,0,0,0,0,0,0,0,0,0,0,0,0,0,0,0,0,0,0,0,0,0,0,0,0,2 255,0,2 255,0,0,0,5,5,0,0,0,0,0,"LST,🏠FBS",⚪,⚪,⚪,⚪,⚪,⚪,⚪,⚪,🔴,🔴,0,0,0,0,0,0,0,0,0,0,0,0,0,0
129,2038954994579,DSS,Кольцо-печатка «Взгляд»,Кольца,16.5,Зол,Да,519,D373,D256DKLC006,Пусто,0,0,0,0,0,0,0,0,0,0,0,0,0,0,0,0,0,0,0,0,0,0,0,0,0,0,0,0,0,0,0,0,0,0,0,0,0,0,0,0,0,"SZ,LST,🏠FBS",⚪,⚪,⚪,⚪,⚪,⚪,⚪,⚪,🔴,🔴,0,0,0,0,0,0,0,0,0,0,0,0,0,0
131,2038954994593,DSS,Кольцо-печатка «Взгляд»,Кольца,17.5,Зол,Да,519,D374,D256DKLC006,Пусто,0,0,0,0,0,0,0,0,0,0,0,0,0,0,0,0,0,0,0,0,0,0,0,0,0,0,0,0,0,0,0,0,0,0,0,0,0,0,0,0,0,"SZ,LST,🏠FBS",⚪,⚪,⚪,⚪,⚪,⚪,⚪,⚪,🔴,🔴,0,0,0,0,0,0,0,0,0,0,0,0,0,0
132,2037360770777,DSS,Кольцо-печатка «Взгляд»,Кольца,18,Зол,Да,519,D258,D256DKLC006,Пусто,0,0,0,0,0,0,0,0,0,0,0,0,0,0,0,0,0,0,0,0,0,0,0,0,0,0,0,0,2 595,0,2 595,0,0,0,5,5,0,0,0,0,0,"LST,🏠FBS",⚪,⚪,⚪,⚪,⚪,⚪,⚪,⚪,🔴,🔴,0,0,0,0,0,0,0,0,0,0,0,0,0,0
135,2038954921889,DSS,Кольцо-печатка «Взгляд»,Кольца,17,Сер,Да,559,D257-S,D256DKLC006-S,Пусто,0,0,0,0,0,0,0,0,0,0,0,0,0,0,0,0,0,0,0,0,0,0,0,0,0,0,0,0,2 795,0,2 795,0,0,0,5,5,0,0,0,0,0,"LST,🏠FBS",⚪,⚪,⚪,⚪,⚪,⚪,⚪,⚪,🔴,🔴,0,0,0,0,0,0,0,0,0,0,0,0,0,0
147,2038046150210,DSS,Кольцо-печатка «Голубой глаз»,Кольца,19,Зол,Да,416,D340,D006DKLC001,21487575,1,4,0,5,0,0,0,0,0,0,0,0,0,0,0,0,0,0,0,0,0,0,0,0,0,0,1,1,0,0,0,0,0,0,0,0,2 080,2 080,5,0,0,"TSL,SZ,LST,🏠FBS",⚪,⚪,⚪,⚪,⚪,⚪,⚪,⚪,🟡,🔴,3,1,0,0,0,0,0,0,0,0,0,0,0,0
151,2039460106647,DSS,Кольцо-печатка «Голубой глаз»,Кольца,16.5,Сер,Да,580,D441-S,D006DKLC001-S,Пусто,0,0,0,0,0,0,0,0,0,0,0,0,0,0,0,0,0,0,0,0,0,0,0,0,0,0,0,0,0,0,0,0,0,0,0,0,0,0,0,0,0,"SZ,LST,🏠FBS",⚪,⚪,⚪,⚪,⚪,⚪,⚪,⚪,🔴,🔴,0,0,0,0,0,0,0,0,0,0,0,0,0,0
152,2039460106654,DSS,Кольцо-печатка «Голубой глаз»,Кольца,17,Сер,Да,670,D442-S,D006DKLC001-S,Пусто,0,0,0,0,0,0,0,0,0,0,0,0,0,0,0,0,0,0,0,0,0,0,0,0,0,0,0,0,3 350,0,3 350,0,0,0,5,5,0,0,0,0,0,"LST,🏠FBS",⚪,⚪,⚪,⚪,⚪,⚪,⚪,⚪,🔴,🔴,0,0,0,0,0,0,0,0,0,0,0,0,0,0
153,2039460106661,DSS,Кольцо-печатка «Голубой глаз»,Кольца,17.5,Сер,Да,580,D443-S,D006DKLC001-S,Пусто,0,0,0,0,0,0,0,0,0,0,0,0,0,0,0,0,0,0,0,0,0,0,0,0,0,0,0,0,0,0,0,0,0,0,0,0,0,0,0,0,0,"SZ,LST,🏠FBS",⚪,⚪,⚪,⚪,⚪,⚪,⚪,⚪,🔴,🔴,0,0,0,0,0,0,0,0,0,0,0,0,0,0
154,2039460106678,DSS,Кольцо-печатка «Голубой глаз»,Кольца,18,Сер,Да,525,D444-S,D006DKLC001-S,Пусто,0,0,0,0,0,0,0,0,0,0,0,0,0,0,0,0,0,0,0,0,0,0,0,0,0,0,0,0,2 625,0,2 625,0,0,0,5,5,0,0,0,0,0,"LST,🏠FBS",⚪,⚪,⚪,⚪,⚪,⚪,⚪,⚪,🔴,🔴,0,0,0,0,0,0,0,0,0,0,0,0,0,0
156,2039460106692,DSS,Кольцо-печатка «Голубой глаз»,Кольца,19,Сер,Да,525,D446-S,D006DKLC001-S,Пусто,0,0,0,0,0,0,0,0,0,0,0,0,0,0,0,0,0,0,0,0,0,0,0,0,0,0,0,0,0,0,0,0,0,0,0,0,0,0,0,0,0,"SZ,LST,🏠FBS",⚪,⚪,⚪,⚪,⚪,⚪,⚪,⚪,🔴,🔴,0,0,0,0,0,0,0,0,0,0,0,0,0,0
161,2038193872249,DSS,Кольцо-печатка «Губы»,Кольца,16,Зол,Да,519,D350,D256DKLC132,Пусто,0,0,0,0,0,0,0,0,0,0,0,0,0,0,0,0,0,0,0,0,0,0,0,0,0,0,0,0,2 595,0,2 595,0,0,0,5,5,0,0,0,0,0,"LST,🏠FBS",⚪,⚪,⚪,⚪,⚪,⚪,⚪,⚪,🔴,🔴,0,0,0,0,0,0,0,0,0,0,0,0,0,0
162,2038955062192,DSS,Кольцо-печатка «Губы»,Кольца,16.5,Зол,Да,519,D378,D256DKLC132,Пусто,0,0,0,0,0,0,0,0,0,0,0,0,0,0,0,0,0,0,0,0,0,0,0,0,0,0,0,0,0,0,0,0,0,0,0,0,0,0,0,0,0,"SZ,LST,🏠FBS",⚪,⚪,⚪,⚪,⚪,⚪,⚪,⚪,🔴,🔴,0,0,0,0,0,0,0,0,0,0,0,0,0,0
163,2038193872256,DSS,Кольцо-печатка «Губы»,Кольца,17,Зол,Да,451,D351,D256DKLC132,Пусто,0,0,0,0,0,0,0,0,0,0,0,0,0,0,0,0,0,0,0,0,0,0,0,0,0,0,0,0,2 255,0,2 255,0,0,0,5,5,0,0,0,0,0,"LST,🏠FBS",⚪,⚪,⚪,⚪,⚪,⚪,⚪,⚪,🔴,🔴,0,0,0,0,0,0,0,0,0,0,0,0,0,0
164,2038955062208,DSS,Кольцо-печатка «Губы»,Кольца,17.5,Зол,Да,451,D379,D256DKLC132,Пусто,0,0,0,0,0,0,0,0,0,0,0,0,0,0,0,0,0,0,0,0,0,0,0,0,0,0,0,0,0,0,0,0,0,0,0,0,0,0,0,0,0,"SZ,LST,🏠FBS",⚪,⚪,⚪,⚪,⚪,⚪,⚪,⚪,🔴,🔴,0,0,0,0,0,0,0,0,0,0,0,0,0,0
165,2038193872263,DSS,Кольцо-печатка «Губы»,Кольца,18,Зол,Да,519,D352,D256DKLC132,Пусто,0,0,0,0,0,0,0,0,0,0,0,0,0,0,0,0,0,0,0,0,0,0,0,0,0,0,0,0,2 595,0,2 595,0,0,0,5,5,0,0,0,0,0,"LST,🏠FBS",⚪,⚪,⚪,⚪,⚪,⚪,⚪,⚪,🔴,🔴,0,0,0,0,0,0,0,0,0,0,0,0,0,0
166,2038955062215,DSS,Кольцо-печатка «Губы»,Кольца,19,Зол,Да,519,D380,D256DKLC132,Пусто,0,0,0,0,0,0,0,0,0,0,0,0,0,0,0,0,0,0,0,0,0,0,0,0,0,0,0,0,0,0,0,0,0,0,0,0,0,0,0,0,0,"SZ,LST,🏠FBS",⚪,⚪,⚪,⚪,⚪,⚪,⚪,⚪,🔴,🔴,0,0,0,0,0,0,0,0,0,0,0,0,0,0
168,2003788438001,DSS,Кольцо-печатка «Зеленый глаз»,Кольца,16,Зол,Да,416,D010,D006DKLC005,Пусто,0,0,0,0,0,0,0,0,0,0,0,0,0,0,0,0,0,0,0,0,0,0,0,0,0,0,0,0,2 080,0,2 080,0,0,0,5,5,0,0,0,0,0,"LST,🏠FBS",⚪,⚪,⚪,⚪,⚪,⚪,⚪,⚪,🔴,🔴,0,0,0,0,0,0,0,0,0,0,0,0,0,0
170,2013820554002,DSS,Кольцо-печатка «Зеленый глаз»,Кольца,16.5,Зол,Да,416,D263,D006DKLC005,Пусто,0,0,0,0,0,0,0,0,0,0,0,0,0,0,0,0,0,0,0,0,0,0,0,0,0,0,0,0,0,0,0,0,0,0,0,0,0,0,0,0,0,"SZ,LST,🏠FBS",⚪,⚪,⚪,⚪,⚪,⚪,⚪,⚪,🔴,🔴,0,0,0,0,0,0,0,0,0,0,0,0,0,0
171,4603785765315,DSS,Кольцо-печатка «Зеленый глаз»,Кольца,17,Зол,Да,480,D147,D006DKLC005,21487574,0,0,0,0,0,0,0,0,0,0,0,0,0,0,0,0,0,0,0,0,0,0,0,0,0,0,0,0,2 400,0,2 400,0,0,0,5,5,0,0,0,0,0,"LST,🏠FBS",⚪,⚪,⚪,⚪,⚪,⚪,⚪,⚪,🔴,🔴,0,0,0,0,0,0,0,0,0,0,0,0,0,0
172,2037260695347,DSS,Кольцо-печатка «Зеленый глаз»,Кольца,17.5,Зол,Да,417,D264,D006DKLC005,Пусто,0,0,0,0,0,0,0,0,0,0,0,0,0,0,0,0,0,0,0,0,0,0,0,0,0,0,0,0,0,0,0,0,0,0,0,0,0,0,0,0,0,"SZ,LST,🏠FBS",⚪,⚪,⚪,⚪,⚪,⚪,⚪,⚪,🔴,🔴,0,0,0,0,0,0,0,0,0,0,0,0,0,0
173,2003788448000,DSS,Кольцо-печатка «Зеленый глаз»,Кольца,18,Зол,Да,480,D011,D006DKLC005,Пусто,0,0,0,0,0,0,0,0,0,0,0,0,0,0,0,0,0,0,0,0,0,0,0,0,0,0,0,0,2 400,0,2 400,0,0,0,5,5,0,0,0,0,0,"LST,🏠FBS",⚪,⚪,⚪,⚪,⚪,⚪,⚪,⚪,🔴,🔴,0,0,0,0,0,0,0,0,0,0,0,0,0,0
175,2039460050247,DSS,Кольцо-печатка «Зеленый глаз»,Кольца,15,Сер,Да,670,D454-S,D006DKLC005-S,188895445,0,2,0,2,0,0,0,0,0,0,0,0,0,0,0,0,0,0,0,0,0,0,0,0,0,0,0,0,0,0,0,0,0,0,0,0,1 340,1 340,2,0,0,"SZ,LST,🏠FBS",⚪,⚪,⚪,⚪,⚪,⚪,⚪,⚪,🔴,🔴,0,1,0,0,1,0,0,0,0,0,0,0,0,0
177,2038954841835,DSS,Кольцо-печатка «Зеленый глаз»,Кольца,16,Сер,Да,525,D010-S,D006DKLC005-S,188895445,0,11,0,11,0,0,0,0,0,0,0,0,0,0,0,0,0,0,0,0,0,0,0,0,0,0,0,0,2 625,0,2 625,0,0,0,5,5,5 775,5 775,11,0,0,"LST,🏠FBS",⚪,⚪,⚪,⚪,⚪,🔴,⚪,🔴,🟡,🟡,5,3,2,1,0,0,0,0,0,0,0,0,0,0
178,2039460050261,DSS,Кольцо-печатка «Зеленый глаз»,Кольца,16.5,Сер,Да,670,D456-S,D006DKLC005-S,Пусто,0,0,0,0,0,0,0,0,0,0,0,0,0,0,0,0,0,0,0,0,0,0,0,0,0,0,0,0,0,0,0,0,0,0,0,0,0,0,0,0,0,"SZ,LST,🏠FBS",⚪,⚪,⚪,⚪,⚪,⚪,⚪,⚪,🔴,🔴,0,0,0,0,0,0,0,0,0,0,0,0,0,0
180,2039460050278,DSS,Кольцо-печатка «Зеленый глаз»,Кольца,17.5,Сер,Да,670,D457-S,D006DKLC005-S,Пусто,0,0,0,0,0,0,0,0,0,0,0,0,0,0,0,0,0,0,0,0,0,0,0,0,0,0,0,0,0,0,0,0,0,0,0,0,0,0,0,0,0,"SZ,LST,🏠FBS",⚪,⚪,⚪,⚪,⚪,⚪,⚪,⚪,🔴,🔴,0,0,0,0,0,0,0,0,0,0,0,0,0,0
181,2038954841859,DSS,Кольцо-печатка «Зеленый глаз»,Кольца,18,Сер,Да,525,D147-S,D006DKLC005-S,Пусто,0,0,0,0,0,0,0,0,0,0,0,0,0,0,0,0,0,0,0,0,0,0,0,0,0,0,0,0,2 625,0,2 625,0,0,0,5,5,0,0,0,0,0,"LST,🏠FBS",⚪,⚪,⚪,⚪,⚪,⚪,⚪,⚪,🔴,🔴,0,0,0,0,0,0,0,0,0,0,0,0,0,0
183,2039460050292,DSS,Кольцо-печатка «Зеленый глаз»,Кольца,19,Сер,Да,670,D459-S,D006DKLC005-S,Пусто,0,0,0,0,0,0,0,0,0,0,0,0,0,0,0,0,0,0,0,0,0,0,0,0,0,0,0,0,0,0,0,0,0,0,0,0,0,0,0,0,0,"SZ,LST,🏠FBS",⚪,⚪,⚪,⚪,⚪,⚪,⚪,⚪,🔴,🔴,0,0,0,0,0,0,0,0,0,0,0,0,0,0
184,2039460050308,DSS,Кольцо-печатка «Зеленый глаз»,Кольца,19.5,Сер,Да,525,D460-S,D006DKLC005-S,188895445,1,2,0,3,0,0,0,0,0,0,0,0,0,0,0,0,0,0,0,0,0,0,0,0,0,0,1,1,0,0,0,0,0,0,0,0,1 575,1 575,3,0,0,"SZ,LST,🏠FBS",⚪,⚪,⚪,⚪,⚪,⚪,⚪,⚪,🟡,🔴,1,1,0,0,0,0,0,0,0,0,0,0,0,0
186,2039460050322,DSS,Кольцо-печатка «Зеленый глаз»,Кольца,20.5,Сер,Да,525,D462-S,D006DKLC005-S,188895445,0,6,2,8,0,0,0,0,0,0,0,0,0,0,0,0,0,0,0,0,0,0,0,0,0,0,0,0,0,0,0,0,0,0,0,0,4 200,4 200,8,0,0,"SZ,LST,🏠FBS",⚪,⚪,⚪,⚪,⚪,⚪,⚪,⚪,🟡,🟡,1,2,0,3,0,0,0,1,0,0,0,0,0,0
190,4603785765308,DSS,Кольцо-печатка «Карий глаз»,Кольца,17,Зол,Да,416,D146,D006DKLC003,21487573,0,0,0,0,0,0,0,0,0,0,0,0,0,0,0,0,0,0,0,0,0,0,0,0,0,0,0,0,2 080,0,2 080,0,0,0,5,5,0,0,0,0,0,"LST,🏠FBS",⚪,⚪,⚪,⚪,⚪,⚪,⚪,⚪,🔴,🔴,0,0,0,0,0,0,0,0,0,0,0,0,0,0
191,2037260689650,DSS,Кольцо-печатка «Карий глаз»,Кольца,17.5,Зол,Да,417,D262,D006DKLC003,Пусто,0,0,0,0,0,0,0,0,0,0,0,0,0,0,0,0,0,0,0,0,0,0,0,0,0,0,0,0,0,0,0,0,0,0,0,0,0,0,0,0,0,"SZ,LST,🏠FBS",⚪,⚪,⚪,⚪,⚪,⚪,⚪,⚪,🔴,🔴,0,0,0,0,0,0,0,0,0,0,0,0,0,0
192,2003788410007,DSS,Кольцо-печатка «Карий глаз»,Кольца,18,Зол,Да,480,D009,D006DKLC003,Пусто,0,0,0,0,0,0,0,0,0,0,0,0,0,0,0,0,0,0,0,0,0,0,0,0,0,0,0,0,2 400,0,2 400,0,0,0,5,5,0,0,0,0,0,"LST,🏠FBS",⚪,⚪,⚪,⚪,⚪,⚪,⚪,⚪,🔴,🔴,0,0,0,0,0,0,0,0,0,0,0,0,0,0
195,2041100344753,DSS,Кольцо-печатка «Карий глаз»,Кольца,16.5,Сер,Да,525,D479-S,D006DKLC003-S,Пусто,0,0,0,0,0,0,0,0,0,0,0,0,0,0,0,0,0,0,0,0,0,0,0,0,0,0,0,0,0,0,0,0,0,0,0,0,0,0,0,0,0,"SZ,LST,🏠FBS",⚪,⚪,⚪,⚪,⚪,⚪,⚪,⚪,🔴,🔴,0,0,0,0,0,0,0,0,0,0,0,0,0,0
197,2041100344777,DSS,Кольцо-печатка «Карий глаз»,Кольца,17.5,Сер,Да,670,D481-S,D006DKLC003-S,Пусто,0,0,0,0,0,0,0,0,0,0,0,0,0,0,0,0,0,0,0,0,0,0,0,0,0,0,0,0,0,0,0,0,0,0,0,0,0,0,0,0,0,"SZ,LST,🏠FBS",⚪,⚪,⚪,⚪,⚪,⚪,⚪,⚪,🔴,🔴,0,0,0,0,0,0,0,0,0,0,0,0,0,0
198,2041100344784,DSS,Кольцо-печатка «Карий глаз»,Кольца,18,Сер,Да,525,D482-S,D006DKLC003-S,Пусто,0,0,0,0,0,0,0,0,0,0,0,0,0,0,0,0,0,0,0,0,0,0,0,0,0,0,0,0,2 625,0,2 625,0,0,0,5,5,0,0,0,0,0,"LST,🏠FBS",⚪,⚪,⚪,⚪,⚪,⚪,⚪,⚪,🔴,🔴,0,0,0,0,0,0,0,0,0,0,0,0,0,0
199,2041100344807,DSS,Кольцо-печатка «Карий глаз»,Кольца,19,Сер,Да,525,D484-S,D006DKLC003-S,257633857,1,2,0,3,0,0,0,0,0,0,0,0,0,0,0,0,0,0,0,0,0,0,0,0,0,0,1,1,0,0,0,0,0,0,0,0,1 575,1 575,3,0,0,"SZ,LST,🏠FBS",⚪,⚪,⚪,⚪,⚪,⚪,⚪,⚪,🔴,🔴,0,1,0,1,0,0,0,0,0,0,0,0,0,0
201,2042930436366,DSS,Кольцо-печатка «Пейзаж»,Кольца,16,Зол,Да,519,D497,D497,Пусто,0,0,0,0,0,0,0,0,0,0,0,0,0,0,0,0,0,0,0,0,0,0,0,0,0,0,0,0,2 595,0,2 595,0,0,0,5,5,0,0,0,0,0,"LST,🏠FBS",⚪,⚪,⚪,⚪,⚪,⚪,⚪,⚪,🔴,🔴,0,0,0,0,0,0,0,0,0,0,0,0,0,0
203,2042930436380,DSS,Кольцо-печатка «Пейзаж»,Кольца,18,Зол,Да,519,D499,D497,Пусто,0,0,0,0,0,0,0,0,0,0,0,0,0,0,0,0,0,0,0,0,0,0,0,0,0,0,0,0,2 595,0,2 595,0,0,0,5,5,0,0,0,0,0,"LST,🏠FBS",⚪,⚪,⚪,⚪,⚪,⚪,⚪,⚪,🔴,🔴,0,0,0,0,0,0,0,0,0,0,0,0,0,0
205,2042930517201,DSS,Кольцо-печатка «Птица»,Кольца,16,Зол,Да,519,D500,D500,Пусто,0,0,0,0,0,0,0,0,0,0,0,0,0,0,0,0,0,0,0,0,0,0,0,0,0,0,0,0,2 595,0,2 595,0,0,0,5,5,0,0,0,0,0,"LST,🏠FBS",⚪,⚪,⚪,⚪,⚪,⚪,⚪,⚪,🔴,🔴,0,0,0,0,0,0,0,0,0,0,0,0,0,0
206,2042930517218,DSS,Кольцо-печатка «Птица»,Кольца,17,Зол,Да,519,D501,D500,Пусто,0,0,0,0,0,0,0,0,0,0,0,0,0,0,0,0,0,0,0,0,0,0,0,0,0,0,0,0,2 595,0,2 595,0,0,0,5,5,0,0,0,0,0,"LST,🏠FBS",⚪,⚪,⚪,⚪,⚪,⚪,⚪,⚪,🔴,🔴,0,0,0,0,0,0,0,0,0,0,0,0,0,0
207,2042930517225,DSS,Кольцо-печатка «Птица»,Кольца,18,Зол,Да,519,D502,D500,Пусто,0,0,0,0,0,0,0,0,0,0,0,0,0,0,0,0,0,0,0,0,0,0,0,0,0,0,0,0,2 595,0,2 595,0,0,0,5,5,0,0,0,0,0,"LST,🏠FBS",⚪,⚪,⚪,⚪,⚪,⚪,⚪,⚪,🔴,🔴,0,0,0,0,0,0,0,0,0,0,0,0,0,0
209,2038344160911,DSS,Кольцо-печатка «Северное возрождение»,Кольца,16,Зол,Да,451,D366,D256DKLC133,Пусто,0,0,0,0,0,0,0,0,0,0,0,0,0,0,0,0,0,0,0,0,0,0,0,0,0,0,0,0,2 255,0,2 255,0,0,0,5,5,0,0,0,0,0,"LST,🏠FBS",⚪,⚪,⚪,⚪,⚪,⚪,⚪,⚪,🔴,🔴,0,0,0,0,0,0,0,0,0,0,0,0,0,0
210,2038955129314,DSS,Кольцо-печатка «Северное возрождение»,Кольца,16.5,Зол,Да,519,D383,D256DKLC133,Пусто,0,0,0,0,0,0,0,0,0,0,0,0,0,0,0,0,0,0,0,0,0,0,0,0,0,0,0,0,0,0,0,0,0,0,0,0,0,0,0,0,0,"SZ,LST,🏠FBS",⚪,⚪,⚪,⚪,⚪,⚪,⚪,⚪,🔴,🔴,0,0,0,0,0,0,0,0,0,0,0,0,0,0
212,2038955129321,DSS,Кольцо-печатка «Северное возрождение»,Кольца,17.5,Зол,Да,451,D384,D256DKLC133,172884229,0,0,0,0,0,0,0,0,0,0,0,0,0,0,0,0,0,0,0,0,0,0,0,0,0,0,0,0,0,0,0,0,0,0,0,0,0,0,0,0,0,"SZ,LST,🏠FBS",⚪,⚪,⚪,⚪,⚪,⚪,⚪,⚪,🔴,🔴,0,0,0,0,0,0,0,0,0,0,0,0,0,0
216,2039565948562,DSS,Кольцо-печатка «Стрекоза»,Кольца,16,Зол,Да,519,D428,DKLC428,Пусто,0,0,0,0,0,0,0,0,0,0,0,0,0,0,0,0,0,0,0,0,0,0,0,0,0,0,0,0,2 595,0,2 595,0,0,0,5,5,0,0,0,0,0,"LST,🏠FBS",⚪,⚪,⚪,⚪,⚪,⚪,⚪,⚪,🔴,🔴,0,0,0,0,0,0,0,0,0,0,0,0,0,0
217,2039565948579,DSS,Кольцо-печатка «Стрекоза»,Кольца,17,Зол,Да,451,D429,DKLC428,Пусто,0,0,0,0,0,0,0,0,0,0,0,0,0,0,0,0,0,0,0,0,0,0,0,0,0,0,0,0,2 255,0,2 255,0,0,0,5,5,0,0,0,0,0,"LST,🏠FBS",⚪,⚪,⚪,⚪,⚪,⚪,⚪,⚪,🔴,🔴,0,0,0,0,0,0,0,0,0,0,0,0,0,0
218,2039565948586,DSS,Кольцо-печатка «Стрекоза»,Кольца,18,Зол,Да,519,D430,DKLC428,Пусто,0,0,0,0,0,0,0,0,0,0,0,0,0,0,0,0,0,0,0,0,0,0,0,0,0,0,0,0,2 595,0,2 595,0,0,0,5,5,0,0,0,0,0,"LST,🏠FBS",⚪,⚪,⚪,⚪,⚪,⚪,⚪,⚪,🔴,🔴,0,0,0,0,0,0,0,0,0,0,0,0,0,0
236,2013733293005,DSS,Моносережка «Рука»,Серьги,—,Зол,Да,483,D114,D114YSMR008,Пусто,0,0,0,0,0,0,0,0,0,0,0,0,0,0,0,0,0,0,0,0,0,0,0,0,0,0,0,0,0,0,0,0,0,0,💤,💤,0,0,0,0,0,"LST,🏠FBS,SLEEP",⚪,⚪,⚪,⚪,⚪,⚪,⚪,⚪,🔴,🔴,0,0,0,0,0,0,0,0,0,0,0,0,0,0
238,2036884836051,DSS,Моносережка «Ящерица»,Серьги,—,Зол,Да,737,D231,D114DSR068,Пусто,0,0,0,0,0,0,0,0,0,0,0,0,0,0,0,0,0,0,0,0,0,0,0,0,0,0,0,0,3 685,0,3 685,0,0,0,5,5,0,0,0,0,0,"LST,🏠FBS",⚪,⚪,⚪,⚪,⚪,⚪,⚪,⚪,🔴,🔴,0,0,0,0,0,0,0,0,0,0,0,0,0,0
245,2042109029771,MSH,Сережки «Агнес»,Серьги,—,Зол,Нет,315,MSH-065,MSH-065,295472762,0,11,4,15,0,0,0,0,0,0,0,0,0,0,0,0,0,0,0,0,0,0,0,0,0,0,0,0,0,0,0,0,0,0,0,0,4 725,4 725,15,0,0,"LST,⚡️FBO",⚪,⚪,⚪,⚪,⚪,⚪,⚪,⚪,🟢,🟡,7,2,2,0,0,0,1,1,0,0,0,0,0,0
252,2043833981366,DSS,Сережки «Алана»,Серьги,—,Сер,Нет,745,D510,D510,Пусто,1,0,0,1,0,0,0,0,0,0,0,0,0,0,0,0,0,0,0,0,0,0,0,0,0,0,1,1,0,0,0,0,0,0,0,0,745,745,1,0,0,"LST,🏠FBS",⚪,⚪,⚪,⚪,⚪,⚪,⚪,⚪,🔴,🔴,0,0,0,0,0,0,0,0,0,0,0,0,0,0
254,2038819575936,MSH,Сережки «Алисия»,Серьги,—,Сер,Нет,114,MSH-026,MSH-026,183317046,1,12,5,18,0,0,0,0,0,0,0,0,0,0,0,0,0,0,0,0,0,0,0,0,0,0,1,1,0,0,0,0,0,0,0,0,2 052,2 052,18,0,0,"LST,🏠FBS",⚪,⚪,⚪,⚪,⚪,⚪,⚪,⚪,🟡,🟡,4,3,2,0,3,0,0,0,0,0,0,3,0,0
271,2043834064570,DSS,Сережки «Афина»,Серьги,—,Сер,Нет,200,D513,D513,403160031,0,8,6,14,0,0,0,0,0,0,0,0,0,0,0,0,0,0,0,0,0,0,0,0,0,0,0,0,0,0,0,0,0,0,0,0,2 800,2 800,14,0,0,"LST,⚡️FBO",⚪,⚪,⚪,⚪,⚪,⚪,⚪,⚪,🟢,🔴,6,0,2,0,0,0,6,0,0,0,0,0,0,0
276,2036726428512,DSS,Сережки «Бантики»,Серьги,—,Зол,Да,490,D200,D200DSR050,94667225,0,4,1,5,0,0,0,0,0,0,0,0,0,0,0,0,0,0,0,0,0,0,0,0,0,0,0,0,0,0,0,0,0,0,0,0,2 450,2 450,5,0,0,"LST,🏠FBS",⚪,⚪,⚪,⚪,⚪,⚪,⚪,⚪,🟡,🔴,3,0,1,0,0,0,0,0,0,0,0,0,1,0
290,2043835409912,DSS,Сережки «Венера»,Серьги,—,Зол,Да,1172,D534,D534,403282989,1,2,0,3,0,0,0,0,0,0,0,0,0,0,0,0,0,0,0,0,0,0,0,0,0,0,1,1,0,0,0,0,0,0,0,0,3 516,3 516,3,0,0,"LST,🏠FBS",⚪,⚪,⚪,⚪,⚪,⚪,⚪,⚪,🟡,🔴,1,1,0,0,0,0,0,0,0,0,0,0,0,0
294,2036693185524,DSS,Сережки «Вивьен»,Серьги,—,Сер,Нет,150,D194,D193DSR045,Пусто,0,0,0,0,0,0,0,0,0,0,0,0,0,0,0,0,0,0,0,0,0,0,0,0,0,0,0,0,0,1 050,0,1 050,0,0,7,7,0,0,0,0,0,"LST,🏠FBS",⚪,⚪,⚪,⚪,⚪,⚪,⚪,⚪,🔴,🔴,0,0,0,0,0,0,0,0,0,0,0,0,0,0
311,2031746988626,DSS,Сережки «Груши»,Серьги,—,Зол,Да,448,D173,D115DSR032,Пусто,0,0,0,0,0,0,0,0,0,0,0,0,0,0,0,0,0,0,0,0,0,0,0,0,0,0,0,0,0,0,0,0,0,0,💤,💤,0,0,0,0,0,"LST,🏠FBS,SLEEP",⚪,⚪,⚪,⚪,⚪,⚪,⚪,⚪,🔴,🔴,0,0,0,0,0,0,0,0,0,0,0,0,0,0
317,2039566343519,DSS,Сережки «Девушка и птица»,Серьги,—,Зол,Да,641,D470,DSR470,212774189,0,1,0,1,0,0,0,0,0,0,0,0,0,0,0,0,0,0,0,0,0,0,0,0,0,0,0,0,0,0,0,0,0,0,💤,💤,641,641,1,0,0,"LST,🏠FBS,SLEEP",⚪,⚪,⚪,⚪,⚪,⚪,⚪,⚪,🟡,🔴,1,0,0,0,0,0,0,0,0,0,0,0,0,0
319,2043835657337,DSS,Сережки «День и ночь»,Серьги,—,Зол,Нет,690,D523,D523,403305345,6,16,3,25,0,0,0,0,0,0,0,0,0,0,0,0,0,0,0,0,0,0,0,0,0,0,6,6,0,0,0,0,0,0,0,0,17 250,17 250,25,0,0,"LST,🏠FBS",⚪,⚪,⚪,⚪,⚪,⚪,⚪,⚪,🟡,🟢,5,2,8,1,0,0,0,1,1,1,0,0,0,0
323,2043835687518,DSS,Сережки «Доминика»,Серьги,—,Зол,Нет,560,D531,D531,403305346,1,8,8,17,0,0,0,0,0,0,0,0,0,0,0,0,0,0,0,0,0,0,0,0,0,0,1,1,0,0,0,0,0,0,0,0,9 520,9 520,17,0,0,"LST,🏠FBS",⚪,⚪,⚪,⚪,⚪,⚪,⚪,⚪,🟢,🟢,3,3,2,0,0,0,4,2,1,0,0,0,0,0
327,2038193952293,DSS,Сережки «Драконы»,Серьги,—,Зол,Да,808,D359,D115DSR135,Пусто,0,0,0,0,0,0,0,0,0,0,0,0,0,0,0,0,0,0,0,0,0,0,0,0,0,0,0,0,4 040,0,4 040,0,0,0,5,5,0,0,0,0,0,"LST,🏠FBS",⚪,⚪,⚪,⚪,⚪,⚪,⚪,⚪,🔴,🔴,0,0,0,0,0,0,0,0,0,0,0,0,0,0
333,2043835475092,DSS,Сережки «Её тайна»,Серьги,—,Зол,Да,886,D537,D537,Пусто,0,0,0,0,0,0,0,0,0,0,0,0,0,0,0,0,0,0,0,0,0,0,0,0,0,0,0,0,0,0,0,0,0,0,💤,💤,0,0,0,0,0,"LST,🏠FBS,SLEEP",⚪,⚪,⚪,⚪,⚪,⚪,⚪,⚪,🔴,🔴,0,0,0,0,0,0,0,0,0,0,0,0,0,0
342,2038959941660,DSS,Сережки «Жуки»,Серьги,—,Сер,Да,1592,D116-S,D115YSR010-S,188987388,0,1,0,1,0,0,0,0,0,0,0,0,0,0,0,0,0,0,0,0,0,0,0,0,0,0,0,0,7 960,0,7 960,0,0,0,5,5,1 592,1 592,1,0,0,"LST,🏠FBS",⚪,⚪,⚪,⚪,⚪,⚪,⚪,⚪,🔴,🔴,0,0,0,1,0,0,0,0,0,0,0,0,0,0
346,2036884845541,DSS,Сережки «Змеи»,Серьги,—,Зол,Да,661,D232,D202DSR069,Пусто,0,0,0,0,0,0,0,0,0,0,0,0,0,0,0,0,0,0,0,0,0,0,0,0,0,0,0,0,0,0,0,0,0,0,💤,💤,0,0,0,0,0,"LST,🏠FBS,SLEEP",⚪,⚪,⚪,⚪,⚪,⚪,⚪,⚪,🔴,🔴,0,0,0,0,0,0,0,0,0,0,0,0,0,0
351,2038193956376,DSS,Сережки «Знак солнца»,Серьги,—,Зол,Да,502,D362,D215DSR138,Пусто,0,0,0,0,0,0,0,0,0,0,0,0,0,0,0,0,0,0,0,0,0,0,0,0,0,0,0,0,2 510,0,2 510,0,0,0,5,5,0,0,0,0,0,"LST,🏠FBS",⚪,⚪,⚪,⚪,⚪,⚪,⚪,⚪,🔴,🔴,0,0,0,0,0,0,0,0,0,0,0,0,0,0
373,2042108957334,DSS,Сережки «Катарина»,Серьги,—,Зол,Нет,500,D491,D491,295459003,1,9,3,13,0,0,0,0,0,0,0,0,0,0,0,0,0,0,0,0,0,0,0,0,0,0,1,1,0,0,0,0,0,0,0,0,6 500,6 500,13,0,0,"LST,🏠FBS",⚪,⚪,⚪,⚪,⚪,⚪,⚪,⚪,🟢,🟡,2,3,1,3,0,0,1,0,0,0,0,1,1,0
374,2042108978445,DSS,Сережки «Катарина»,Серьги,—,Сер,Нет,390,D492,D492,Пусто,0,0,0,0,0,0,0,0,0,0,0,0,0,0,0,0,0,0,0,0,0,0,0,0,0,0,0,0,0,0,0,0,0,0,💤,💤,0,0,0,0,0,"LST,🏠FBS,SLEEP",⚪,⚪,⚪,⚪,⚪,⚪,⚪,⚪,🔴,🔴,0,0,0,0,0,0,0,0,0,0,0,0,0,0
382,2036884848283,DSS,Сережки «Клешни»,Серьги,—,Зол,Да,774,D233,D202DSR070,Пусто,0,0,0,0,0,0,0,0,0,0,0,0,0,0,0,0,0,0,0,0,0,0,0,0,0,0,0,0,0,0,0,0,0,0,💤,💤,0,0,0,0,0,"LST,🏠FBS,SLEEP",⚪,⚪,⚪,⚪,⚪,⚪,⚪,⚪,🔴,🔴,0,0,0,0,0,0,0,0,0,0,0,0,0,0
419,2043836095367,MSH,Сережки «Лора»,Серьги,—,Сер,Нет,270,MSH-094,MSH-094,Пусто,2,0,3,5,0,0,0,0,0,0,0,0,0,0,0,0,0,0,0,0,0,0,0,0,0,0,12,12,0,0,0,0,0,10,0,0,4 050,4 050,5,0,0,"LST,🏠FBS",⚪,⚪,⚪,⚪,⚪,⚪,⚪,⚪,🟡,🔴,0,0,0,0,0,0,1,0,1,0,1,0,0,0
426,2043835901072,MSH,Сережки «Магдалина»,Серьги,—,Зол,Нет,250,MSH-088,MSH-088,403343963,1,4,2,7,0,0,0,0,0,0,0,0,0,0,0,0,0,0,0,0,0,0,0,0,0,0,1,1,0,0,0,0,0,0,0,0,1 750,1 750,7,0,0,"LST,🏠FBS",⚪,⚪,⚪,⚪,⚪,⚪,⚪,⚪,🟢,🟡,1,1,2,0,0,0,1,0,1,0,0,0,0,0
432,2043835609183,DSS,Сережки «Месяц и звезда»,Серьги,—,Зол,Нет,600,D522,D522,403305344,4,4,0,8,0,0,0,0,0,0,0,0,0,0,0,0,0,0,0,0,0,0,0,0,0,0,4,4,0,0,0,0,0,0,0,0,4 800,4 800,8,0,0,"LST,🏠FBS",⚪,⚪,⚪,⚪,⚪,⚪,⚪,⚪,🟡,🟡,1,2,1,0,0,0,0,0,0,0,0,0,0,0
439,2038959921617,DSS,Сережки «Монеты»,Серьги,—,Сер,Да,999,D118-S,D115YSR012-S,Пусто,0,0,0,0,0,0,0,0,0,0,0,0,0,0,0,0,0,0,0,0,0,0,0,0,0,0,0,0,4 995,0,4 995,0,0,0,5,5,0,0,0,0,0,"LST,🏠FBS",⚪,⚪,⚪,⚪,⚪,⚪,⚪,⚪,🔴,🔴,0,0,0,0,0,0,0,0,0,0,0,0,0,0
447,2039500932687,MSH,Сережки «Найтли»,Серьги,—,Зол,Нет,132,MSHK-039,MSHK-039,209854792,1,19,10,30,0,0,0,0,0,0,0,0,0,0,0,0,0,0,0,0,0,0,0,0,0,0,1,1,0,0,0,0,0,0,0,0,3 960,3 960,30,0,0,⚡️FBO,⚪,⚪,⚪,⚪,⚪,⚪,⚪,⚪,🟢,🟢,11,4,2,1,0,0,6,2,2,0,0,0,0,0
449,2031949581624,DSS,Сережки «Небо»,Серьги,—,Сер,Нет,420,D179,DSR038,Пусто,0,0,0,0,0,0,0,0,0,0,0,0,0,0,0,0,0,0,0,0,0,0,0,0,0,0,10,10,0,0,0,0,0,10,0,0,4 200,4 200,0,0,0,"LST,🏠FBS",⚪,⚪,⚪,⚪,⚪,⚪,⚪,⚪,🔴,🔴,0,0,0,0,0,0,0,0,0,0,0,0,0,0
475,2036731095068,DSS,Сережки «Пионы»,Серьги,—,Зол,Да,423,D213,D202DSR061,Пусто,0,0,0,0,0,0,0,0,0,0,0,0,0,0,0,0,0,0,0,0,0,0,0,0,0,0,0,0,2 115,0,2 115,0,0,0,5,5,0,0,0,0,0,"LST,🏠FBS",⚪,⚪,⚪,⚪,⚪,⚪,⚪,⚪,🔴,🔴,0,0,0,0,0,0,0,0,0,0,0,0,0,0
477,2043834104603,DSS,Сережки «Подкова»,Серьги,—,Зол,Нет,355,D514,D514,403160032,1,1,0,2,0,0,0,0,0,0,0,0,0,0,0,0,0,0,0,0,0,0,0,0,0,0,1,1,0,0,0,0,0,0,0,0,710,710,2,0,0,"LST,🏠FBS",⚪,⚪,⚪,⚪,⚪,⚪,⚪,⚪,🟡,🔴,1,0,0,0,0,0,0,0,0,0,0,0,0,0
479,2037774229540,DSS,Сережки «Прозрачное сердце»,Серьги,—,Зол,Да,450,D306,D215DSR120,Пусто,0,0,0,0,0,0,0,0,0,0,0,0,0,0,0,0,0,0,0,0,0,0,0,0,0,0,0,0,2 250,0,2 250,0,0,0,5,5,0,0,0,0,0,"LST,🏠FBS",⚪,⚪,⚪,⚪,⚪,⚪,⚪,⚪,🔴,🔴,0,0,0,0,0,0,0,0,0,0,0,0,0,0
486,2043836033758,MSH,Сережки «Ривьера»,Серьги,—,Сер,Нет,215,MSH-092,MSH-092,403343967,1,1,0,2,0,0,0,0,0,0,0,0,0,0,0,0,0,0,0,0,0,0,0,0,0,0,1,1,0,0,0,0,0,0,0,0,430,430,2,0,0,"LST,🏠FBS",⚪,⚪,⚪,⚪,⚪,⚪,⚪,⚪,🔴,🔴,0,0,0,0,0,0,0,0,0,0,0,0,0,0
488,2039566343557,DSS,Сережки «Римские монеты»,Серьги,—,Зол,Да,606,D474,DSR474,212774187,0,1,0,1,0,0,0,0,0,0,0,0,0,0,0,0,0,0,0,0,0,0,0,0,0,0,0,0,0,0,0,0,0,0,💤,💤,606,606,1,0,0,"LST,🏠FBS,SLEEP",⚪,⚪,⚪,⚪,⚪,⚪,⚪,⚪,🔴,🔴,0,0,0,1,0,0,0,0,0,0,0,0,0,0
513,2038819575714,MSH,Сережки «Скелеты»,Серьги,—,Зол,Нет,121,MSH-004,MSH-004,Пусто,1,0,0,1,0,0,0,0,0,0,0,0,0,0,0,0,0,0,0,0,0,0,0,0,0,0,11,11,0,0,0,0,0,10,0,0,1 331,1 331,1,0,0,"LST,🏠FBS",⚪,⚪,⚪,⚪,⚪,⚪,⚪,⚪,🔴,🔴,0,0,0,0,0,0,0,0,0,0,0,0,0,0
526,2043836193315,MSH,Сережки «Тайна сердца»,Серьги,—,Зол,Нет,465,MSH-097,MSH-097,403343972,0,1,3,4,0,0,0,0,0,0,0,0,0,0,0,0,0,0,0,0,0,0,0,0,0,0,0,0,0,0,0,0,0,0,0,0,1 860,1 860,4,0,0,"LST,🏠FBS",⚪,⚪,⚪,⚪,⚪,⚪,⚪,🔴,🟢,🔴,1,0,0,0,0,0,1,1,0,0,0,1,0,0
532,2038819575868,MSH,Сережки «Флора»,Серьги,—,Зол,Нет,60,MSH-019,MSH-019,183317063,16,7,0,23,0,0,0,0,0,0,0,0,0,0,0,0,0,0,0,0,0,0,0,0,0,0,16,16,0,0,0,0,0,0,0,0,1 380,1 380,23,0,0,"LST,🏠FBS",⚪,⚪,⚪,⚪,⚪,⚪,⚪,⚪,🟡,🔴,4,2,0,1,0,0,0,0,0,0,0,0,0,0
536,2039500932755,MSH,Сережки «Френсис»,Серьги,—,Зол,Нет,184,MSHK-050,MSHK-050,209854800,17,5,1,23,0,0,0,0,0,0,0,0,0,0,0,0,0,0,0,0,0,0,0,0,0,0,17,17,0,0,0,0,0,0,0,0,4 232,4 232,23,0,0,"LST,🏠FBS",⚪,⚪,⚪,⚪,⚪,⚪,⚪,⚪,🟡,🔴,2,2,0,0,1,0,0,0,0,0,0,0,0,0
543,2036884852570,DSS,Сережки «Цикада»,Серьги,—,Зол,Да,563,D236,D202DSR073,Пусто,0,0,7,7,0,0,0,0,0,0,0,0,0,0,0,0,0,0,0,0,0,0,0,0,0,0,0,0,2 815,0,2 815,0,0,0,5,5,3 941,3 941,7,0,0,"LST,🏠FBS",⚪,⚪,⚪,⚪,⚪,⚪,⚪,⚪,🔴,🟡,0,0,0,0,0,0,0,1,1,0,0,2,0,0
548,2039500932632,MSH,Сережки «Эва»,Серьги,—,Зол,Нет,250,MSHK-034,MSHK-034,209854787,13,1,1,15,0,0,0,0,0,0,0,0,0,0,0,0,0,0,0,0,0,0,0,0,0,0,13,13,0,0,0,0,0,0,0,0,3 750,3 750,15,0,0,"LST,🏠FBS",⚪,⚪,⚪,⚪,⚪,⚪,⚪,⚪,🔴,🟡,0,1,0,0,0,0,0,1,0,0,0,0,0,0
550,2039500932809,MSH,Сережки «Эмма»,Серьги,—,Зол,Нет,194,MSHK-055,MSHK-055,209854805,6,14,6,26,0,0,0,0,0,0,0,0,0,0,0,0,0,0,0,0,0,0,0,0,0,0,6,6,0,0,0,0,0,0,0,0,5 044,5 044,26,0,0,"LST,🏠FBS",⚪,⚪,⚪,⚪,⚪,⚪,⚪,⚪,🟢,🟢,3,3,6,1,1,0,1,1,1,0,1,1,0,0
556,2039500932793,MSH,Сережки «Эстер»,Серьги,—,Сер,Нет,346,MSHK-054,MSHK-054,209854804,7,2,0,9,0,0,0,0,0,0,0,0,0,0,0,0,0,0,0,0,0,0,0,0,0,0,7,7,0,0,0,0,0,0,0,0,3 114,3 114,9,0,0,"LST,🏠FBS",⚪,⚪,⚪,⚪,⚪,⚪,⚪,⚪,🔴,🔴,0,2,0,0,0,0,0,0,0,0,0,0,0,0
558,2038193930192,DSS,Сережки «Японские цикады»,Серьги,—,Зол,Да,450,D356,D202DSR132,170042822,0,1,0,1,0,0,0,0,0,0,0,0,0,0,0,0,0,0,0,0,0,0,0,0,0,0,0,0,2 250,0,2 250,0,0,0,5,5,450,450,1,0,0,"LST,🏠FBS",⚪,⚪,⚪,⚪,⚪,⚪,⚪,⚪,🟡,🔴,1,0,0,0,0,0,0,0,0,0,0,0,0,0